フレイル川口CTO「ソフトに強い中国EVが日欧米の強敵に」	
京セラの半導体ウエハ後工程技術が日本の半導体産業に報いる【PR】	
車載電池など強み“専鋭化”、パナソニックHD「攻めの投資」の行方 ニュースイッチ by 日刊工業新聞社	
生活排水から水素を製造、FCVに供給するステーションを9月下旬再開	
村田製作所が24Vバッテリーモジュール拡販　独自のリチウムイオン二次電池使用　AGV／AMRなど高出力・高安全性のニーズ対応 | 電波新聞デジタル	<技術開発>
デンソー、メタンガスから発電　CO2循環プラント披露｜自動車部品・素材・サプライヤー｜紙面記事	
中国の｢FCV保有台数｣､2030年に200万台超えも	
ダイムラー・トラック、2030年までに欧州販売の6割をEV・FCVに　大型EVトラックを2024年に量産開始｜自動車メーカー｜紙面記事	<生産活動>
グリーン水素製造と燃料電池自動車に使われるプラチナは炭素排出削減に大きく貢献	<説明>,<技術開発>
日本触媒、アンモニア分解触媒を事業化、２５年めど - 化学工業日報	
データ科学でハッキリ見えた微生物発電 | NIMS	
中国、水素エネルギー産業の発展に勢い（36Kr Japan）	
日本ガイシ、独自のセラミック技術を用いたIoTデバイス用電源「エナセラ」など「CEATEC 2022」出展	
NECの5G Open RAN対応基地局無線機がTIP要求仕様Release2.1版の最初の適合製品としてブロンズバッジに認定	
味の素社長、半導体絶縁材料好調で投資増額も－うま味調味料の副産物	
ローカル5Gの導入で物流DX化を推進／野村不他 | 最新不動産ニュースサイト「R.E.port」	
三星電子、日本ＮＴＴドコモに５Ｇ装置の供給拡大	<方針>
熱伝導性９倍、パワー半導体需要を狙う「窒化アルミニウムフィラー」の実力	
LIXIL、脱炭素化に大きく寄与する「住まいの断熱」に関する意識調査実施。多くの人が経験のある「暖房機器の2台つかい」は、住まいの見直しのサイン！	<方針>
歯や口の悩み、若年層は「見た目」がトップ。10代の2人に1人が口腔の問題を経験	
CO2及びエネルギー削減に関する業務システムを新たにリリース。サービス名称は「Cyanoba (シアノバ)」	<サービス開始>
【社説】米国で超希少疾患の核酸創薬広がる - 化学工業日報	<業界情報>
介護情報の共有・利活用に向け、「共有すべき介護情報の選別」「介護情報記録の標準化」などを検討—介護情報利活用ワーキング	
再審査請求による点数復活、査定の予防、請求漏れ防止に生かす	
ビールもコーヒーも割って飲む　味・濃さ、自分好みで	
拡大するノンアルコール市場 ～ノンアル市場はアルコール市場とカニバらない	
2022年 年末年始（2022年12月23日～2023年1月3日）の旅行動向	
【調査】ムジラーの動向から読み解く「無印が生き残る道」	
トイレに行く回数で変わる？脳に毒がたまる人の習慣【書籍オンライン編集部セレクション】	
2025年実用化へ　「空飛ぶクルマ」SkyDriveの成長ストーリー | THE OWNER	<技術開発>
空飛ぶクルマ、国内初の有人飛行へ　来年２月	
大阪・関西万博　スマホ通じＡＩがコンシェルジュ	
JOBY、「ウェイボ PRO DS」発売を2023年春に延期	
齋藤元彦・兵庫県知事 人・モノ・投資・情報が集まる「躍動する兵庫」へ	
空飛ぶ車　米企業も日本で申請	
360度カメラInsta360 X3レビュー。スマホじゃ撮れない驚異の動画も手軽に撮影・編集（TechnoEdge）	
自動車に見える空飛ぶクルマ「Alef Model A」予約開始、車体を翼に揚力発生 (テクノエッジ TechnoEdge)	<サービス開始>
SamsungがBOEをサプライヤーリストから削除〜日本企業も数社消える	
エネ庁、分散エネ源を需給調整に活用へ／規則など検討着手 | 電気新聞ウェブサイト	<利用・採用>,<サービス開始>
デジタル変革のスピードに追い付かない技術スキル	
GMP細胞開発製造受託企業アイ・ピース、カリフォルニア州再生医療機構と医療用iPS細胞提供に関し提携合意	<契約>
「輝き」という名の美容クリームがお得プライスで手に入るチャンス！『イオナR　ラディアンスクリーム』発売1周年記念キャンペーン	
トヨタのIP戦略、EV・水素燃料車・SiC・自動運転で周到な特許網	
―ロート製薬の工場から、働く人もお客様もウェルビーイングにーサイバーフィジカルシステムを実装する次世代スマート工場をグループ全体に適用	
脱プラは紙に置き換えれば解決？ 日本と世界の森林が抱える問題と「森林認証制度」	<コラム>
ヨーロッパで高い評価を得るドイツの加湿器、空気清浄機メーカー、「Venta（ベンタ）」日本、本格上陸	
【NITEケミマガ】NITE化学物質管理関連情報 第612号(2022/12/07) | 化学物質管理 | 製品評価技術基盤機構	
【BtoBマーケ担当者向け】「これからのBtoBビジネスの在り方 3社の役員が語る事業拡大戦略」をテーマに、「FanGrowth」が2023年1月24日（火）よりウェビナーを開催	<セミナー>
築28年の既存部分を多く残し、高気密・高断熱・高耐震住宅としてよみがえる　東北エリア初の戸建性能向上リノベーション実証プロジェクト『ふくしま 霊山（りょうぜん）...	
「今夜も窓に灯りがついている。」が音声コンテンツ化	<技術開発>
ハウジング・トリビューンVol.651（2022年21号）	
ＴＤＹ3社によるライフスタイル提案“十人十家（ジュウニントイエ）” 新たに2プランを加えて、計24プランを展開	
2022年12月5日 建設・生活・環境・エネルギー | 日刊工業新聞 電子版	
岩元真明 アーカイブ	
ロボットが先回りして次作業を指示、人との協働でピッキング作業を大幅効率化	<技術開発>
パナソニック、掃除機など120品目値上げへ　最大45%	
パナソニック、新潟の照明工場のCO2排出ゼロに	
EV電池の米レッドウッド、4800億円投じて米国に新工場	
児童を守ることを主眼に「スクールバスAI見守りソリューション2022」発表	<商品化>
画像生成AIで漫画っぽい物語が作れるモデル「StoryDALL-E」 - トピックス｜Infoseekニュース	
〔新商品〕甘くないノンアルチューハイ＝宝酒造 - 日本食糧新聞電子版	
欲望を満たし、健康課題も解決。食品メーカーが向き合う“相反”との戦い	<コラム>
軟質ポリマーの表面で凝縮する水の挙動を解明 インド	<技術開発>
IoT開発企業GUGENと総合重工業メーカーIHI、ブロックチェーン技術とIoTによるインフラ構築で脱炭素化促進へ	
上田商会グループの温室効果ガス排出削減目標が「Science Based Targets（SBT）イニシアチブ」の認定を取得	<政府・認可>
カーボンプライシング議論再開　経産省、月内にも制度案	
スマートウォッチの先にあるもの？ 『注目すべきウェアラブルトレンド』に関する無料ウェビナーを、IDTechExが開催します。	<セミナー>
日本におけるコーポレートPPAの先行事例3選！ イオン・ヒューリック・村田製作所	
「北海道大規模グリーン水素サプライチェーン構築調査事業」がNEDO事業で採択：紀伊民報AGARA	<利用・採用>
「国産バイオマスからのCO2ネガティブ水素製造に係るBECCS一貫実証モデルに関する調査」がNEDO事業で採択されました<br />～NEDO事業によるカーボンネガティブ水素利活用モデル調査～ │ ニュースリリース │ J-POWER 電源開発株式会社	<利用・採用>
モチベーションのカギは「1 on 1」 部下を依存させない理想的なスタイルとは〈AERA〉（AERA dot.）	
市街地・観光地のCO2排出量＆電気使用量を市民に可視化。脱炭素先行地域「米子市・境港市」で街のエネルギーを見える化するデータプラットフォーム事業をローカルエナジ...	<技術開発>
NEDO事業の成果が人工光合成の国際的なコンペティションで1位を獲得 | プレスリリース | NEDO	<表彰>
産学公の連携を地域の原動力に、ビヨンド・“ゼロカーボン”を実現する好循環を生み出していく。 Beyond“ZeroCarbon”（東洋経済education×ICT）	
教養から応用・実践まで、各ニーズに対応／DX人材育成のための新規コースをリリース	<サービス開始>
プラスアルファ・コンサルティング、通期は大幅増収増益　タレントパレットが好調を継続し計画を超えて推移 |  財経新聞	
【日本一のマーケッターが教える】ドラッカーに学ぶ！屋台のラーメン屋さんでも、トヨタ、ソニーでも変わらない経営の原理原則	
花王、キャッサバの非可食部から製品原料を作る酵素を糸状菌で生産	
旭化成、小僧com、資源循環システムズ、ユニアデックスによる「資源循環デジタルプラットフォーム実証事業」が東京都環境局「事業系廃棄物3Rルート多様化に向けたモデル事業」に採択 | 2022年度 | ニュース	<利用・採用>
凸版印刷、JAREC、放電精密の3者で高度マテリアルリサイクル研究会を設立	<設立>
インフラ事業を超え、持続可能な日本のまちづくりを担う――東日本旅客鉄道株式会社	
リサイクル技術を押し出す樹脂メーカー、三菱ケミと東レとCHIMEI	
2022年12月15日 素材・医療・ヘルスケア２ | 日刊工業新聞 電子版	
【メタバース展示会】高機能素材総合展 メタバース空間で12/21〜開催	<イベント>
ケミカルリサイクル向けに二軸混練押出機「TEX」を納入 | ニュース | 株式会社日本製鋼所 - JSW	
住友化学　PMMAのケミカルリサイクル、実証設備が完成 – 日刊ケミカルニュース	
“オゾン除菌のプロフェッショナル”がお届けする オゾンミライ通信 No.3　2022年月11号	
ビジネスと業務プロセスを一新するKDDIの挑戦 | JDIR	
マイクロ波・ミリ波分野の主要国際学会で最優秀論文賞を受賞	<表彰>
クロスオーバーSUVおすすめ国産車・外車人気ランキング【2022年最新版】 | MOBY [モビー]	
ホンダの韓国LG・米GMとの提携強化が映す、自動車業界「大変革」の衝撃	
タイヤの回転を“エネルギー”に 住友ゴム「タイヤ内発電技術」の進化	<技術開発>
韓国&米国のスタートアップサミット2022がニューヨークで開催	<イベント>
【2022年10月の自動運転ラボ10大ニュース】モービルアイがIPO申請、業界最大規模の上場へ	
米EV電池工場建設ラッシュ、原料はどうする？	
燃料電池の経年劣化を回復させるだけでなく、初期性能をも向上させる単純な方法	
太陽電池の発電効率、オランダの研究チームがついに30%の壁を打ち破る	
日本触媒とトクヤマの開発事業　ＮＥＤＯ事業として採択	<利用・採用>
スイスの研究者が考案した「紙とインクの電池」	
マツダMX-30 EV：35.5kWhの理由と構造を訊く	
自動車メーカーのＥＶ・電池支出計画倍増、30年までに1.2兆ドル	
リチウムイオン二次電池用 電極バインダー WATERSOL-LB | 事業・製品DIC株式会社	
鉱物資源マテリアルフロー  2021    8.リチウム  (Li)リチウム  Li【用途】  軽く	
LONGiが、ブルームバーグNEFの2022年レポートで再び100%バンカブルなモジュールメーカーに選定される	
Honda発スタートアップ「Ashirase」の事例からわかったカーブアウトの強み	
サステナビリティ×パーパス×ウェルビーイング “サステナ―パス経営”実践のための『ウェルビーイングシェアードラボ』 10/5(水)開講　参加者募集受付中	
【AIを駆使したコンサル】高山博和・セカンドサイトアナリティカ社長 「データ分析で顧客の課題解決、そして価値創造を！」	
2022 年９月７日各  位会 社 名  株式会社村田製作所代表者名  代表取締役社長  中島 規巨	
オンラインでも1on1サポート　村田製作所、社員の定着や業績も後押し | 電波新聞デジタル	
【人事速報】出雲村田製作所　新社長 | 山陰中央新報デジタル	
【10/15-16 vs.広島】ヒストリーTシャツをレイクスチアOGが着用！再販＆着用来場キャンペーン実施	
村田製作所・中島社長「中国スマホ市場、回復兆しない」	
CEATEC 2022 AWARDの大臣賞、NEC・シャープ・アルムの3社がゲット	
2022年10月19日各　位管理会社名  三井住友DSアセットマネジメント株式会社(管理会社コード	
ホットストック：村田製などアップル関連株がさえない、14プラスの減産報道受け	
村田製作所、23年3月期は一転最終減益　スマホ向け減速	
村田製作所、4～9月連結は売上高が過去最高 | 電波新聞デジタル	
IIJと村田製作所がIoTデータサービス基盤でタッグ、「狙いは東南アジア」のワケ	
村田製、中国・無錫に生産棟新設　２５年４月操業開始：時事ドットコム	
無錫村田電子有限公司での新生産棟着工について | 村田製作所	
電子部品８社の４―９月期、４社当期増益　円安・車需要回復が寄与	
2022年11月22日各　位管理会社名  三井住友DSアセットマネジメント株式会社(管理会社コード	
【オートメーション新聞11月30日号】好調続くFAメーカー・商社23年3月期上期決算／花王の最先端の生産システム／中小製造業のIoT導入事例など	<説明>
５Ｇ普及でスマホ消滅も、村田製社長が予想 - NNA ASIA・日本・ＩＴ	
“スーツ姿”の古江彩佳「お辞儀の仕方なども意識していきたい」3年ぶりにセミナー受講【女子ゴルフ】：中日スポーツ・東京中日スポーツ	
チップフェライトビーズ　村田が世界最小品　車載電源向け、12月から量産を開始 | 電波新聞デジタル	<生産活動>
5G普及で「スマホ消滅」も　村田製作所社長が市況転換予想 (共同通信)	
全固体電池内のリチウムイオンの動きをリアルタイムで観測＝理研など	<技術開発>
リチウムイオン電池パックの加重平均価格が、初めて上昇に転じ1キロワット時（KWH）あたり151ドルへ	
［地域ビズ］プラスチック専用設備新設で処理能力2倍、よりリサイクルしやすく	
自動車由来のプラスチック部品リサイクル、新装置導入で「廃プラスチックの資源循環高度化事業（経済産業省）」に採択！！	<利用・採用>
＜Inter BEE＞キヤノン、来年発売の業務用27型ディスプレイを実機展示／“音の聴こえ方を変える”音響ソリューションを体感（PHILE WEB）	
ORPHE、画期的な手軽さで全身の動作計測を可能にするORPHE ANALYTICSをリリース	<サービス開始>
電子部品各社、CASEのメガトレンドに照準　xEV、ADASなど高度化サポート | 電波新聞デジタル	
PC周辺機器のグリーンハウス、省エネの無線モジュール	
AI、自動運転、メタバースの未来がNVIDIA GTC 2022で垣間見える	
2022年 Japan IT Week 秋 DXやメタバースで大盛況｜しん｜note	
ローコード革命。人と機械の共通言語が、新しいチームをつくる	
スズキ、「ブランクロボット」の豪アプライドＥＶへ出資	<支援>,<投資>
大林組 、 新たな事業会社「 PLiBOT 」を設立	
令和4年度農研機構つくば植物工場研修会(2022年11月開催) | 農研機構	
東京ダイヤビルディングにて警備ロボット『SQ-2』の本格稼働開始	
「AIの革命的進化、ロボ開発を後押し」ソニーG北野CTO	<技術開発>
Gausium、日本で開催のビルメンヒューマンフェア＆クリーンEXPOで自律型サービスロボットの実力を実証！	<実験>
ボストン・ダイナミクス 、物流ロボット量産へ	<生産活動>
下水のクラシアンはクモ型ロボット！群れで下水道管の状態をくまなくチェック	
粉体秤量工程を高速自動化する双腕ロボット「exaBase ロボティクス 粉体秤量 for NEXTAGE」｜fabcross	
中国生産→兵庫に移管、パナソニック系が産業用モーター国内回帰の背景事情 ニュースイッチ by 日刊工業新聞社	<コラム>
強化学習市場は、機械学習(ML)および人工知能(AI)システムの採用の増加、および強化学習のアプリケーションの拡大に起因する可能性があります。	
『100人のニーズを集めて失敗』からのスタート　応用地質の新規事業開発としてのDX｜DX SQUARE	
全社員デジタル研修受講のニチレイ、狙いは「共通言語」の獲得--アイデミー石川の「DXの勘所」	
タカラバイオ、「2023年の2号棟完全稼働でCDMO事業は倍増の200億円規模へ」	
成都は製造業にさらなる機会を解き放つ	
AIで中国・欧米に後れを取る原因は技術面ではない？──急成長するAI inside 渡久地択氏に訊く	
バッテリー業界の巨人、中国BYD社の電気SUV「ATTO 3」が来年1月に日本上陸！（OCEANS）	
〈半導体が分かる 次世代素材が開く〉パワー半導体量産、前倒し	
蓄電ベンチャーのパワーエックスが国内最速級EV充電ネットワークを全国展開 ～再生可能エネルギー活用・ユーザビリティ向上により、EV普及のブレイクスルーに～（AMP［アンプ］）	
欧州の評価団体、新型EV3車種の環境性能に高い評価	
中国のEV輸出が急増、第1～3四半期は34万2000台―中国メディア	
半導体産業に「冬」？複数の大手が警告、TSMCは従業員の休みを奨励？―中国メディア	
欧州での工場建設には6種類のウェットケミカルの不足が懸念、TECHCET	
独自動車メーカー、中国事業は「いばらの道」	
日本置いてけぼりのスマートホーム世界統一規格、ガラケーの構図再びか	
半導体市場に積極投資、フェローテックマテリアルテクノロジーズ・山村社長が語る展望 ニュースイッチ by 日刊工業新聞社	<コラム>
米政府高官、対中半導体規制「日本やオランダと協議」（写真=AP）	<契約>
村田製作所、協業で探る新事業の芽　ドローンなど関心	
国際医薬品情報 2022年10月11日〈通巻第1211号〉	
免疫チェックポイントは老化と関係する	
海外新薬承認情報（2022年11月分） | AnswersNews	
海外新薬承認情報（2022年8月分） | AnswersNews	
【第二部会：期待の新薬】6製品+3製品（2022年11月28日）	
セミプリマブの進行子宮頸癌など複数の免疫チェックポイント阻害薬が複数の癌種を対象に医薬品第二部会を通過	
高齢男性では糖尿病予備群の段階からサルコペニアのリスクが増大｜順天堂	
糖尿病合併症は「HbA1c 7%未満」に管理すれば予防できる　1型糖尿病の発症後30年以上にわたり追跡調査｜ニュース｜糖尿病ネットワーク	
開発中のインスリン錠剤の有望性を動物実験で確認	<研究>
国内医療ビッグデータを用いた解析により実臨床における糖尿病薬DPP-4阻害薬の安全性を確認	<研究>
次世代こんにゃくフードテック、日本財団「海と日本プロジェクト」とコラボ	
2型糖尿病患者におけるイメグリミン投与時の血糖低下を示す臨床マーカーの比較評価ならびに赤血球に及ぼす影響	
ADAの糖尿病診療GL、2023年版は「体重管理」を前面に	
心不全を防ぐ ～糖尿病の治療薬が有効～	
血管の硬さ、血圧、心拍数、一つの“指輪”で明らかに	
心不全へのループ利尿薬2剤、有効性を比較｜循環器｜学会レポート_臨床医学_薬剤情報｜医療ニュース｜Medical Tribune	
慢性心不全を心筋ダイレクトリプログラミングで改善〜新しい心臓再生医療に向けて〜 | TSUKUBA JOURNAL - 医療・健康	
血糖降下薬でコロナ有害転帰リスク低下｜糖尿病・内分泌｜呼吸器_感染症_臨床医学_薬剤情報｜医療ニュース｜Medical Tribune	
AI、ロボティクス、BMI「ヘルスケア×デジタル」の最前線 | JDIR	
【人気のエンジンオイル添加剤】FINE PIECE デリバリー、MUCH-1のキャンペーンを開始	
米国株式市場は上昇、中国のコロナ規制緩和の兆候を好感（8日） |  財経新聞	
EGFR遺伝子変異陽性肺がんの薬剤耐性の原因となる融合遺伝子の見分け方と克服法を提唱	
航空機の脱炭素化に必須、次世代燃料「SAF」関連5銘柄（会社四季報オンライン）	
三井物産、CO2地下貯留整備　アジアなどで年1500万トン	
脱炭素の最適化には再エネと水素の両輪が必要	
タイに本拠を置く「再生可能エネルギー」のリーディング企業である CKPower は、2050年までに排出量ネットゼロを目標にします	
サウジアラビア、水素生産本格化へ　日本などと協力強化（写真=ロイター）	<技術開発>
工場排ガスから高効率でCO2回収、昭和電工と日本製鉄ら2030年代実装へ	
Metaが触覚技術スタートアップLofeltを買収。VR/AR用コントローラー等に応用か	
3万円台のSteamVR対応フルボディトラッカー	
二刀流センサーで細胞を光らせろ！ - 東京大学 大学院理学系研究科・理学部	
早大、触覚ハンド“握って”深層学習　４本指にセンサー384個、物の持ち方最適化	<技術開発>
横浜国大、液体金属による「伸びる」リチウムイオンバッテリ	
大画面に大容量バッテリーを搭載！機能満載でお得感のあるガーミンのスマートウォッチ「Venu Sq 2」	<技術開発>
ソニーの「画像出さない」イメージセンサー、あらゆる社会インフラへ展開狙う	<コラム>,<説明>
要求設計から仮想適合まで対応可能な開発ツール、MATLAB R2022aに対応	<技術開発>
【Webクリエイター向け】Dreamweaverで一歩先行くサイトを作ろう！12/10（水）無料デモレッスン「Dreamweaver講座」（オンライン）	
Teledyne FLIR，5GigEカメラファミリーを発表	<商品化>
イラスト画像から逆向きに画像生成AIのプロンプト用にDanbooruタグを見つける「Deep Danbooru」を「AUTOMATIC1111版Stable Diffusion web UI」で使う方法まとめ	
『機械学習のデータラベリングを自動化する』というテーマのウェビナーを開催	<セミナー>
日本発のバイク向け先進運転支援システムはステレオカメラを使う【バイクのコラム】	
脱炭素化は日本にとって最後のチャンス／京大発の核融合発電ベンチャー	
二酸化炭素を外部電位のスイッチひとつで選択的に吸着・脱離できることを発見	<技術開発>
太陽光発電所投資に関する欧州最大規模の国際会議『LARGE SCALE SOLAR cee』にベルテクス・パートナーズ ディレクターの会田健三が登壇しました	
今度は「テキストから動画」、メタが生成AIを発表	<商品化>
Googleの「Project Starline」に続報。早期アクセスプログラムによりテスト企業を拡大中。SalesforceやWeWorkにも	
「Meta Quest Pro」ハンズオン--表情トラッキング搭載、価格は一気に高額に	<技術開発>
「ミツバチの危機」を救うハイテク巣箱とお世話ロボット	
ゲームエンジンは、いかに社会を「シミュレート」するのか	
Vol.25 カメラ内でワークフロー完結。画期的な360 カメラ「Pilot One EE」[染瀬直人のVRカメラ最前線]	
「Meta Quest Pro」をAV目線でチェックする	
仮想空間にNFTを持ち込んだSynamon、企業とファンが繋がるメタバース「SYNMN」公開	
LiveViewをクライアントにしてGraphQLによる連携を実装する	
NTTドコモ、2段階定額光ブロードバンド「ドコモ光ミニ」を2025年3月31日に終了　新規申込受付は2023年3月31日終了	
Rakuten NFT、暗号資産ウォレット「MetaMask」を通じた「イーサ」による決済を開始	<サービス開始>
人工生殖細胞で変わる 子どもの作り方 「火の鳥」の世界に近づくか	
Meta、インスタやFacebookなどで使える「アバターストア」を日本でも開始	<サービス開始>
最近のスマートウォッチはときめかない？それは進化の証かも	
FibocomがMWC Las Vegas 2022で、Snapdragon X65 5G Modem-RF Systemをベースにした5G Sub-6GHzおよびmmWaveモジュールFX170（W）の新世代シリーズを発表	<商品化>
Garmin、タフネスGPSでアナログ時計×スマートウォッチ「Instinct Crossover」	
柳井市に窒化アルミニウムフィラー量産検討設備の拠点を開設 | ニュース | Tokuyama	
鉱物資源マテリアルフロー  2021    15.ジルコニウム  (Zr)ジルコニウム  Zr【用途	
キラル金ナノ粒子アレイによる分子のキラリティーの検出	
Do more with less (より少ないリソースでより多くを): デジタルに基づく強力な体制で未来を切り開くお客様の事例	<説明>
【宇宙計画】新世代のマイクロバイオーム農法で、地球と宇宙の人類に健康をもたらすオリーブの木の宇宙計画と火星プロジェクトのカンファレンス開催 / 日本農業新聞公式ウェブサイト	<イベント>
石油化学業界が国際化に動く中、AIアップグレードの経験を共有するため石油化学企業が集結	
ビクター、D-ILA誕生25周年記念プロジェクタ。25台限定で330万円	
500人を超える来場者に披露。ファッション・ライブイベント「いしかわコレクション2022」のオープニングで、DK art caféプロジェクトがプロジェクションアートを企画・制作・投影 | ニュース | KIT 金沢工業大学	
テクノロジーを教育現場に--デジタルホワイトボードを導入した米高校の事例	<説明>
楽天スーパーセールで半額の「冬キャン快適アイテム」見つけました！	
韓国エプソン、プロジェクターでシェア１位 - NNA ASIA・韓国・電機	
2030年MicroLED市場，1兆1200億円に	
最先端半導体材料に対応した生産設備を熊本に新設 | 富士フイルム [日本]	
センサーも「量子」が主役　EV電池、ダイヤで高精度計測	
ニュースまとめ（9/26～10/2）	
肌に優しい多機能・高性能な生体ドライ電極技術　―伸縮性・透明性・信号の質を高..（大阪大学 産業科学研究所 プレスリリース）	
酸化銅が室温で磁性体にも誘電体にもなることを実証 | NIMS	<実験>
2022年11月21日 素材・医療・ヘルスケア | 日刊工業新聞 電子版	
物質の熱伝導率を低減させる新機構を発見　－高性能な熱電材料開発の新たな指針に－	<技術開発>
Radeonの超解像技術「FSR」に新バージョン - Farming Simulator 22に搭載	<技術開発>
《耳よりワイズ》22年9月15日のワイズニュース一覧／台湾	
MediaTek、Dimensity 9000+でゲーミングスマホ市場に狙い（iPhone Mania）	
例外的に成長した2021年のMEMS市場、22年は通常に戻るか	
チップレットパッケージ、産官学で巨大市場狙う｜2022/10/6(2518号)主なヘッドライン by 電子デバイス産業新聞（旧半導体産業新聞）	<コラム>,<説明>
日刊 画像生成AI (2022年10月20日)｜やまかず｜note	
TSMCの値上げがApple以外にも影響か〜MediaTekが2023年に値上げ予想	
MediaTek、驚異的な性能と比類のない省電力を実現するフラグシップモデルチップセットDimensity 9200を発表	<商品化>
Samsung、4nmプロセスの改良を断念か〜TSMCが値上げ交渉で優位に？	
車載部品シール工程の自動化を可能にする京セラのUV LED光源【PR】	
「6G」の議論が進む、テラヘルツ波の活用も視野に	
LatticeがIntelとAMDのスキを突く新FPGA、パナら日本大手7社が歓迎	
サムスン、12nmクラスDDR5 DRAMを発表--2023年から量産へ	<商品化>,<生産活動>
チップが大きいことは良いことなんです - 世界最大級のAIアクセラレータ	
DIGITIMES Asia：カナダがゼロからEVを構築し、自動車業界の能力を実証へ	<設備投資>,<実験>
シリコンウエハーに集積されたパラメトリック増幅器	
阪大が開発に関わったケイ素製剤水素サプリから水素がほとんど出ていない件｜apj｜note	
深層断面／半導体「後工程」に脚光　次世代技術開発が活発化	<技術開発>
「6G」向け半導体、導電性4倍の成膜技術　大阪大学など	
高効率・低コスト・高信頼性タンデム型太陽電池の実現に向け透過型Cu2O太陽電池の世界最高発電効率を更新－将来の無充電EVなど、カーボンニュートラル社会の実現に向けて課題となる「運輸の電動化」に貢献－ | 研究開発センター | 東芝	
水素活用で新技術　東芝、レアメタル1割に　「P2G」前進 | 電波新聞デジタル	
《耳よりワイズ》22年11月2日のワイズニュース一覧／台湾	
データの力でGHGを「見える化」、気候危機に対応	<技術開発>
外資就活ドットコム、オンライン企業説明会 「JOB Discovery Online Autumn」を開催	<イベント>
コラム【新潮流2.0】：世代交代(マネックス証券チーフ・ストラテジスト広木隆)	
アマゾンの家庭用ロボット「Astro」--何ができる？基本事項を一問一答 【CNET Japan 2022年10月07日】	
【鹿児島玉龍高校】華麗なる卒業生人脈！京セラ創業者の稲盛和夫、参院議長の尾辻秀久、アニメーション作家の加藤久仁生…	
日本電産を最後に「京都でベンチャーが途絶えた」理由、てこ入れに入山章栄教授が名乗り！	
京セラ、極小LEDのコスト半減　次世代ディスプレー用	
京セラとKYOCERA  AVXがMLCCの品番を統一　製品検索をより簡便に | 電波新聞デジタル	
京セラ､中期計画の作成に初めて着手した事情	<サービス開始>,<コラム>
TRIPLE-1、Massive MIMO 技術搭載 ローカル5G 基地局『TOKI』の工事設計認証・本免許を取得	<技術開発>,<政府・認可>
インダクタの市場規模は、2022年から2027年にかけて平均年成長率6.6%増で推移する見込み【市場調査レポート】	
日本上陸「Starlink」、「Pixel Watch」徹底比較--週間人気記事をナナメ読み（10月13日～10月19日）	
VR機にもなるAndroid搭載ゲーミングタブレット「Pimax Portal」登場	
PTT通話との同時映像配信技術に関する米国特許を取得	<政府・認可>
電気自動車市場をリードするGWM、タイで各種NEVを発表	<商品化>
Intelが目指す2030年に1兆トランジスタの1パッケージへの搭載、IEDM 2022	<技術開発>
保険金サービス部門におけるＡＩを活用した新たなＤＸ施策の展開	
つくればもうかるＦＩＴ終焉…新たな再エネ普及策「ＦＩＰ」の効果の行方	
オムロンが製造業初の「EP100」に加盟、2040年までにエネルギー生産性倍増にコミット | オムロン | EDGE&LINK 切り拓く、未来を創る。	
小中学生の可能性を解き放つ、Web3時代の学びの場「SOZOW」（ICC KYOTO 2022）	
バーチャル展示会にようこそ！ソラコム主催「IoT Solution Day」	
逆転の発想､普通のクルマを自動運転化する技術	
建設機械に後付けできる遠隔自律装置で、建設業界の働き方をアップデートする「ARAV」（ICC KYOTO 2022）	
5Gの本当の勝負が始まる、顧客のワークフローをつなぎB2B2Xのチャンスをものにする	
建機新報　第2208号　2022年（令和４年）11月９日（水）発行 | 週刊 建機新報	
DARPA、人工衛星網による地球低軌道「インターネット」構築へ	<設備投資>
自動運転開発進む　ベンチャーに商機、韓国で多彩に展開 | 電波新聞デジタル	
米エヌビディア、8～10月は17％減収 | 電波新聞デジタル	
「社会課題の解決」と「企業成長」の両立へ「保険×DX」で挑む新たな価値創造とは	<コラム>
現代モービス、北米で自動車放送標準受信システムのテスト事業	
【回顧2022】〈3〉情報通信・事務機 | 電波新聞デジタル	
日本の「データ駆動社会」実現に向けた現在地──デジタル庁 データ戦略統括 平本氏が語る、推進の鍵と壁	<コラム>
海外の自動車産業,業界ニュース,情報,記事(アメリカ,米国,中国,インド,韓国,タイ,ロシア,ドイツなど)｜国際自動車ニュース - 【オーストリア―生産】ＡＶＬ、水素・燃料電池のテストセンターを正式開所	
工場内でCO2循環、デンソーが事業化へ　燃料電池で発電	<技術開発>
〈マーケット最前線〉FCVで日本縦断　本土を踏破へ　水素のメリット走りで実証｜企画・解説・オピニオン｜紙面記事	<実験>
欧州のデータ流通基盤と相互接続へ、車載バッテリーで日本発のエコシステム構築：電動化	<設備投資>,<技術開発>
【矢野経済研究所プレスリリース】リチウムイオン電池主要四部材世界市場に関する調査を実施（2022年）～車載用LiB市場の拡大を主な牽引役に成長が続く、今後、部材メーカーは地産地消への対応が課題へ～	<方針>,<コラム>
リユースした電動車用バッテリーで大容量スイープ蓄電システムを構築し、電力系統への接続を含めた運転を開始 | コーポレート | グローバルニュースルーム | トヨタ自動車株式会社 公式企業サイト	<設備投資>,<生産活動>
JFEエンジが車載リチウムイオン電池の再資源化を検討、ニッケル・コバルト回収	<技術開発>
ボルボ、ルノー……中国ジーリーに集まる欧州のエンジン技術：電動化	<技術開発>
【ディープテックを追え】車載電池の需要増を捉える、金属接合スタートアップの正体 ニュースイッチ by 日刊工業新聞社	
ホンダが「FCXクラリティ」をロサンゼルスオートショーで発表【今日は何の日？11月15日】	<商品化>
HyperionがEVインフラストラクチャーの問題を解決する可動式ステーションを発表	<商品化>
東芝、電極の希少金属を10分の1に	
アルコニックスがLi電池向け部品製造企業を11月30日付で連結子会社化 |  財経新聞	
現代モービスの燃料電池パワーパック、「国家認証統合」取得…水素モビリティ実証事業に投入	
【プレスリリース】格子体積が変化しないバナジウム系高容量電池材料~実用的な全固体電池実現に前進	
温暖化対策あの手この手…日産、CO2ゼロ鋼材を神戸製鋼から調達、スバルはPHV開発断念［新聞ウォッチ］ | レスポンス（Response.jp）	
脱炭素、救世主はアンモニア発電 燃焼時のＣＯ２排出ゼロ、輸送や貯蔵容易　ＩＨＩが実用化に挑戦	
経産省、広島カーボンリサイクル拠点でネガエミ検証 - 化学工業日報	
楽天やスペースX参戦　スマホ使う宇宙通信、個人を開拓	
電池技術の特許で強い日本、リサイクルでは規模が不足？	
圧力駆動型ガラス発電機	
近未来テクノロジー見聞録(269) サイクリング中の事故から身を守る自転車用小型エアバッグ「CrashPak」！	
急成長のインド自動車市場、足がかり築く機会を逃すな｜ニュースイッチ by 日刊工業新聞社	
【ことば 教えて!】▽LNG燃料船→海運省エネ化の足掛かり | 輸送経済新聞社	
京大ら，青色GaN系フォトニック結晶レーザーを改良	
日本製鉄　電磁鋼板およびニッケルめっき鋼板でSuMPO環境ラベルプログラム「エコリーフ宣言」の認証を取得	<政府・認可>
高い安定性、様々な素材との組み合わせが可能な「合金ナノ粒子」の開発を行うGCEインスティチュート、産総研との共同研究結果をアメリカにて開催された「PowerMEMS2022...	
サッカーボール型タンパク質ナノ粒子TIP60を壊して戻す技術開発－任意のタイミングで解離・会合を制御可能なタンパク質－：[慶應義塾]	
インダクタ: 車載用150℃対応パワーインダクタの開発と量産	<生産活動>
新たな局面を迎えつつある新興メモリ	
人材不足がDXの足かせになっている中小企業に朗報。スピーディーな導入を実現するVMwareベースの国産クラウドと直販サイト活用のメリット	
データドリブンエコノミー時代における企業価値向上の鍵は「DX with Security」 (1)	
SuMPO / World Carbon Footprint Symposium Summer 2022　開催のご案内	
令和３年度現場ニーズ等に対する技術支援事業臭素系プラスチック廃棄物の鉛揮発除去プロセスにおける有効利	
鉱物資源マテリアルフロー  2021    11.クロム  (Cr)クロム  Cr【用途】  鉄の脱	
オリックス環境が樹脂金属複合材を分離・リサイクル、まず薬のPTPシートから	
「美意識がまるで違う」、日精樹脂がイタリア企業買収で得た武器	
2022年12月6日 素材・医療・ヘルスケア１ | 日刊工業新聞 電子版	
デンカ、カーボンネガティブコンクリ普及へ新混和材 - 化学工業日報	
豪州から日本への低炭素燃料アンモニアサプライチェーン構築に関する事業化調査（第２フェーズ）実施について	
旭化成　機能樹脂コンパウンド工場、電力をグリーン化 – 日刊ケミカルニュース	<技術開発>
【10/26開催 参加無料】日経ビジネスライブ「激動するエネルギー戦略　脱炭素へ向けた新たな道筋とは」にアスエネが登壇	
CO2回収プロジェクト進む　有望な技術手探り	
バイオマスＰＳ生産販売開始　ＰＳジャパン 千葉工場	
エマソン 世界最大の商用車用水素補給ステーションの自動化パートナーに選ばれる	
【開催報告】QUADアンモニアバリューチェーンワークショップを開催	<イベント>
NEDO 委託事業の委託先に採択 | 星光PMC株式会社	<利用・採用>
【Unity】GitHub Actions × Game CIでWebGLのCI/CD環境構築(デプロイ先はNetlify)	<設備投資>
注目集める目視点検自動化「リルズ　ゲージ」／ＩｏＴ化のハードル低く	
住友化学がパワー半導体を狙いGaN基板量産へ、24年度に4インチ	
革新的なIoT機器の開発を加速させるSTM32ワイヤレス・マイコン搭載モジュールを発表	<技術開発>
【PR】産学連携・パートナー企業と共創。カーボンニュートラルを目指す富士電機の今 - Yahoo!ニュース	
日本の半導体産業、次の突破口は―中国メディア（2022年11月10日）｜BIGLOBEニュース	
基板上でキラル集合体を形成	
ギリアド・サイエンシズ株式会社当資料は、米国ギリアド・サ	
男性が飲む経口避妊薬、低副作用「非ホルモン性ピル」実用化へ	<技術開発>
2022 年 11 月 10 日各    位会社名  ペ プ チ ド リ ー ム 株 式 会 社代	
関節リウマチにおける骨構造変化に対するペフィシチニブの有効性の解析	
日本における独占的販売権に関する契約締結	
OTCの安全性情報整備へ、京大など研究開始‐社会問題化する乱用防ぐ｜薬事日報ウェブサイト	
2022 年の市場ランドスケープを理解するために、電子薬局市場に関する調査が実施されました。 | 東洋経済オンライン	<方針>
化学生物学研究室(門出研究室)紹介②｜北大理学部高分子　学生広報チーム｜note	
プレスリリース・タイトルリスト　2022/11/14｜薬事日報ウェブサイト	
風邪薬を手に入れろ　中国で需要急増　日本で買い占めも（写真=共同）	
製薬業界 きょうのニュースまとめ読み（2022年12月26日） | AnswersNews	
1剤で売上1兆円超えも。イチからわかる「医薬品ビジネス」	
「貼るワクチン」にマイクロニードルポンプを搭載 ～注射と同等以上の免疫効果を動物実験で確認～	<技術開発>,<研究>
【リアル調査】手が老けていると実年齢より上に見える？ 女性の老化を感じる体のパーツは1位「顔」、2位「手・指・爪」。96％の女性が必要と感じる“手のエイジングケア”...	
ウエルネスのD2Cスタートアップ、世界で台頭	
ホームケアで「白髪」「うねり」を撃退　専門家が推奨するヘアケアアイテム - トピックス｜Infoseekニュース	
ビタミンD不足が、高齢者の筋力低下やサルコペニア（骨格筋減弱症）発症を招く大きな要因の1つ—長寿医療研究センター	
ドクターコラム／藤岡眼科　副院長　藤岡聖子さん / 函館新聞デジタル	
【化粧ノリ】がさらに悪化！メイク前のNGスキンケア3つ	<技術開発>
株式会社ファイン、大阪国際大学との共同研究にてプロテインとファイン独自成分リキニンの同時摂取による骨格筋量、筋肉量、基礎代謝量への有意な値を確認	<研究>
マイクロバイオームに基づくマルチクラス診断モデル | 医療とAIのニュース・最新記事 - The Medical AI Times	
男女1,000人にメンズコスメ「スキンケア」に関する調査／男性で日焼け対策を実施している人は約6割。化粧水はニキビ予防など、日焼け止めは洗い落としやすさなどの機能...	
波動で頭皮とカラダの状態をチェック！【続々報】（LEON.JP）	
適切に管理できればデータは命を救う - マイクロソフトの医薬領域の取り組み	<説明>
リアルワールドデータを用いて体格指数（BMI）と心房細動アブレーションの安全性との関連を解析｜プレスリリース｜広報活動｜国立循環器病研究センター	
早期黒字化が難しい医療事業　サスメドが実践した投資家との向き合い方	
KDDI、アップルウォッチで「不整脈」早期発見へ実証	<実験>
全身に細菌が巡る前に歯科健診を！ 口内ケアが寿命を延ばし、ウイルス感染も防ぐってホント？【歯科医監修】	
東大・理研・京大、免疫抑制剤の新しい作用メカニズムの解明について発表	<技術開発>,<研究>
国外空港初！ウィニペグ国際空港でWHILL自動運転サービスが実用化	<技術開発>
搬送用ロボット（AMR）サービス by 三菱電機：ラストワンマイル物流を変える自律走行ロボット | 知財図鑑	
グリーンスローモビリティがラインナップに加わりました	
カーボンニュートラル達成の次なる一手　 洋上風力’～洋上風力の電気調達に向け需要家企業だからこそできること～	
世界のＣＯ２排出量、今年は1％弱増　ＥＶ普及などで＝ＩＥＡ	
都市ガス脱炭素化の切り札｢合成メタン｣の勝算	
【特集2】LNGに次ぐパラダイムシフト メタネーションの潜在力と行方	
神奈川：水素需要や採算性調査　川崎市など：地域ニュース	
CO2地下貯留、三井物産が整備	
BMWイタリアとアルカンターラ社1台限定の特別仕様車「BMW M4 Competition」を発表	<商品化>
日本の半導体産業はどこへ 試される底力 | NHK | ビジネス特集	
酸化グラフェンによる抗菌・抗ウイルス剤の基材定着メカニズムを解明	<研究>,<技術開発>
TPCマーケティングリサーチ株式会社、ケミカルメーカーの自動車向け事業について調査結果を発表	<商品化>,<レポート>,<方針>
2022年10月21日 素材・医療・ヘルスケア | 日刊工業新聞 電子版	
タイガー、油ハネを抑える焼き肉プレート付きのグリルなべ	
アンモニア発電のガラパゴス化に警鐘 | 電気新聞ウェブサイト	
合成燃料の鍵握る原料としてのCO2	
米アップル、取引先に「2030年までに脱炭素を」　未達成は取引見直しも示唆 | 電波新聞デジタル	
アップル、「排ガスゼロ」に向け調達先に年間報告を要求	
合成燃料はどこまでCNか、コストは下がるか	
リアルなニセモノ画像を大量生成、ピッキングや検査のAI構築を1日で	
AIが書いたコンテンツ、見分けるのはもはや至難	
【ライブ配信セミナー】高分子材料の再資源化における難燃化技術の考え方　11月7日（月）開催　主催：(株)シーエムシー・リサーチ	
BPAおよび非BPA缶市場は、食品容器および衛生製品を含む多くの市販製品において幅広い用途を有する工業用化学物質である。	
東洋紡　透明蒸着フィルムに新銘柄、モノマテ化など貢献 – 日刊ケミカルニュース	<技術開発>
次世代の推し企業2022　－ニーズをつかむ－【PR】	
入射光をあり得ない方向に屈折、メタサーフェス光学素子に感じた可能性	<コラム>
エンプラ事業は増収増益　ダイセルの４～９月期	
【MONOQLO1月号】BEST家電 2022-2023	
FA・電機制御・機械主要商社　2022年度1Q決算まとめ 12社中8社が増収増益 自動化需要は継続中。唯一の懸念は納期遅延	
富士フイルムの半導体製造プロセス新拠点　安定供給と品質要求に応える | 電波新聞デジタル	
EVを起点としたモビリティ×エネルギー領域の融合により生まれる新たなビジネスの勝ち筋を探る提言書『EVX（EVトランスフォーメーション）』2022年12月20日より全国書店...	
＜知財脳から企画脳へ＞知財の新しい役割を応援します。	
Pixel Tabletは初代Tensor採用でNest Hubモードも搭載	<技術開発>
「SASUKE」のアトラクション「フィッシュボーン」をVRで再現した猛者が現る アプリが公開中	
三菱商などバイオ由来プラ生産へ	
実力主義というけれど男女で均等な機会を与えている？	
超軽量！ Wi-Fiがなくても使える！ソーラー充電！屋外使用可能な最もスマートなAI搭載ワイヤレス4Gネットワ ーク防犯カメラ『AIOTO GO』日本初上陸！Makuakeにて先行販...	
2022.9.29号	
2022年12月6日 建設・生活・環境・エネルギー | 日刊工業新聞 電子版	
12月21日(水) 　AndTech「ペロブスカイト・ペロブスカイトタンデム太陽電池の耐久性向上に向けた取り組みと応用展開・今後の展望」WEBオンライン Zoomセミナー講座を開...	
テバとサンド、バイオシミラーに注力…市場拡大も課題多く | AnswersNews	
プラスチックからの将来の二酸化炭素排出量を減らす方法	
【10/21現地開催】先端マテリアルの最新技術がわかるスタートアップピッチ	
子宮頸部前がん病変と診断された女性の体験するスティグマのコーピングに向けた看護支援モデルの実現可能性の評価:ランダム化比較試験による看護支援の効果の検証	
魚網製造時の端材を使う「漁網to漁網リサイクル」システムを共同構築：脱炭素	<設備投資>
バレンズセミコンダクターがMIPI A-PHYの相互運用性テストを完了	
半導体シリコンウエハー世界出荷、7～9月過去最高	
欧州で半導体の動きが引き続き旺盛　独インフィニオンは7200億円で新工場 | 電波新聞デジタル	
ＳＣＲＥＥＮセミコンが次世代半導体洗浄プロセス開発へ、ＩＢＭと手を組んだ ニュースイッチ by 日刊工業新聞社	
慶大SFCの「デジタルツイン・キャンパス ラボ」が本格始動--ソフトバンクと共同で	
点群とBIM/CIMで4Dデジタルツイン！ KOLC＋がタイムライナー機能を拡張 | 建設ITブログ	
Leica 世界初LiDAR完全統合型ドローン[Commercial UAV EXPO 2022]	
「習１強」の行方・共産党大会２０２２：脱炭素、視界不良に	
レアメタル1割に減らし水素生産 東芝Gが新技術 再エネ後押ししリスク対応 | 電波新聞デジタル	<技術開発>
第16回　CO<sub>2</sub>削減のホント	
端材活用エコシステムを構築するプロジェクト活動を開始―「捨てる」をみつめ、モノづくりの新しいサイクルを生むアクションへ―	<設備投資>,<戦略>,<設立>
三洋化成子会社がバイオマスマークを取得　植物由来の高吸水性樹脂で | 電波新聞デジタル	<政府・認可>
インドネシア、2025年に再エネ比率23％へ	
脱炭素への挑戦｜環境への取り組み｜サステナビリティ｜大和ハウス工業	<説明>
SaturdayChatBox10月8日「木材利用の促進」 | 長崎県	
エネルギー転換で先行／ENEOS	
【国際】上場大手より非上場大手の方がカーボンニュートラルにかなり消極的。Net Zero Tracker | Sustainable Japan | 世界のサステナビリティ・ESG投資・SDGs	
豊田中央研究所の「人工光合成」は実用レベルまであと一歩【週刊クルマのミライ】	
2050年世界の温室効果ガスと日本の対応 ① --- 田中 雄三	<技術開発>
大阪ガスら3社、合成メタンのサプライチェーン全体におけるCO2排出量の可視化に向け実証を実施 | Biz/Zine	<実験>
「ＣＣＳ市場の特性と事業機会」と題して株式会社三菱総合研究所 サステナビリティ本部 気候変動ソリューショングループ 主任研究員 野本 哲也氏のセミナーを2022年11月...	
石油大手Chevron、水素・アンモニア製造施設開発でAir Liquideなどと共同研究	
英政府 原子力を活用した水素製造に資金援助 | 原子力産業新聞	
「Way to ZERO」を提唱しカーボンニュートラル企業へ。持続可能なモビリティーを実現する電動化・脱炭素戦略と、新型EV	
CO2排出量がネットゼロに キユーピー神戸工場 - 食品新聞 WEB版（食品新聞社）	
DATAFLUCT、パイオニアとモビリティ領域の環境価値流通プラットフォーム構築に向けたパートナーシップに合意	<契約>
株式会社Ridge-i株式を追加取得	<政府・認可>
米国の半導体工場新増設ラッシュで薬液需要が急増、供給不足懸念　TECHCET	
2022年12月8日 素材・医療・ヘルスケア１ | 日刊工業新聞 電子版	
AndTech「高機能マテリアル技術・市場動向レポート Vol.8」の技術書籍を12月7日に発刊	
日本ゼオン、独創的な技術で社会に貢献	<説明>,<技術開発>
テラモーターズ、販売代理パートナーとして省エネ機器を提案する事業者を募集	
トヨタＧの部品メーカーが社内に開設した「省エネ道場」の中身	<設立>
ペットと暮らす方におすすめのゼロ風暖房「デロンギ オイルヒーター with Pet（RHJ11G0812-DG）」10月4日（火）発売	
【危険】こたつで洗濯物を乾かさないで! 電気暖房器具による火災防止を呼びかけ - トピックス｜Infoseekニュース	
日立ジョンソン、新型エアコン出荷式　清潔需要取り込み	
最新の除菌・消臭技術と世界三大デザイン賞を制覇したデザイナーがタッグを組んだ、空気清浄機と灯りが一体化したポータブル空気清浄機が誕生	
世界初・アルミケージ搭載高効率同期リラクタンスモータ「SynRA」が 米国 CCP 商用製品コンテストにおいて最優秀製品賞を受賞 | 日本電産株式会社	<表彰>
ティエムファクトリ、アートプロジェクトAIR NEW ERA第二弾として、クラウドファンディングサイトMAKUAKEにて「SUFA」を搭載した未来の家をコンセプトとしたソーラーク...	
「FUJIFILM Creative Village（フジフイルム クリエイティブ ビレッジ）」を東京・南青山に新設 | 富士フイルム [日本]	
「ネイバー投資」のスタートアップがＣＥＳ参加	
文具の技術で作ったまな板　木製と樹脂製の弱点を解消	
入居者とつくる、大阪・北加賀屋の文化住宅リノベーションプロジェクトネオカスタム賃貸・入居者募集開始！	<戦略>,<設立>
「ダイワステップF（エフ）」販売開始（ニュースリリース）	
2022年11月17日 素材・医療・ヘルスケア１ | 日刊工業新聞 電子版	
2022年11月29日(第2114号)/YKKAP、2024年度に木製窓発売へ=戸建住宅向け、新規事業で	
アキュラホーム　日本初、5階建純木造モデルを開設	
室蘭・入江町にシェアオフィス 内池の不動産	
樹脂窓などをテーマに講演　建築ガスケット工業会	<セミナー>
こだわりの質感、立体感が好評のシート化粧床材『Trinity（トリニティ）』に、リフォーム用防音タイプをラインアップ！	
2022年12月9日 建設・生活・環境・エネルギー | 日刊工業新聞 電子版	
木を生かす研究、脈々と　防災・減災力向上、接合部の耐久力アップ…今後の課題は　宍粟の森林林業技術センター	<コラム>
岡山大学、木を搾り脱水　木質バイオマス燃料を効率生産	
ファンケルと東芝デジタルソリューションズ、AIモデル開発で角層解析の裾野広げる	
「AI×ロボ」で実験効率化　創薬や素材開発に革新	<技術開発>
全原子古典分子動力学法による高分子物性計算を全自動化するソフトウェアRadonPyをリリース 高分子材料物性大地図の作成に向けた第一歩	<サービス開始>
肺疾患を約98％以上の精度で検出する新しいAIソフトウェア	
自社データを収益に転換するための4ステップ 安易に捨てずに保存する | HBR.org翻訳マネジメント記事(1/2)	
Appier、ファーストパーティデータに対応するAI 搭載次世代 CDP「AIRIS (アイリス) 」を発表	<技術開発>,<商品化>
最先端のAI研究成果に触れられるシンポジウム  NEDO『AI NEXT FORUM 2023』を2023年2月に開催	<イベント>
【香川】無駄を出さないサステナブルな「てぶくろ屋さん」	
「inゼリー」から初の機能性表示食品! 「一時的な脚のむくみの軽減」と「脂肪消費・肌のうるおい」	
お腹の脂肪を減らす！新たな機能性ヨーグルト 明治	
『アサヒスタイルバランスプラス素肌うるおうピーチスパークリング』 肌の潤いを守るのを助けるセラミドを配合した機能性表示食品 10月18日期…【アサヒグループホールディングス】｜外食・食品業界の新商品、キャンペーン、新メニュー情報｜ニュース｜フーズチャネル	
森永乳業の睡眠サポートドリンク「睡眠改善」が急拡大する睡眠市場※1をさらに活性化。発売12日目で累計販売本数100万本突破※2！販売計画比２倍以上！	<方針>,<技術開発>
黒大豆ポリフェノールの長期摂取による抗疲労および血管機能改善効果を確認	<研究>
リンパ管壁のタンパク質分解が全身の免疫バランスに波及する -- 新たな血管保護の仕組みを解明 --	<技術開発>
腸内細菌によるニコチン分解で脂肪性肝疾患が緩和	
「疾患」と「機能的多様性」の融合が引き起こすサードインパクト	
電動マイクロショベル「PC01E-1」がグッドデザイン賞を受賞 | ニュースルーム | 小松製作所 - 建設機械のコマツ	<表彰>
エプソン、小型射出成形機が「2022年度グッドデザイン金賞」を受賞｜店舗運営に役立つ情報メディア店舗DX.com	<表彰>
JUKIオートメーションシステムズが高速実装機市場でシェア拡大、検査機や自動倉庫など非実装分野の新領域開拓 | 電波新聞デジタル	<方針>
コンデンサー業界、国内外で積極投資進む｜2022/11/3(2522号)主なヘッドライン by 電子デバイス産業新聞（旧半導体産業新聞）	
EV充電ステーションの市場動向と技術トレンド	
米国の車載LiB市場、IRA制定で環境激変｜2022/11/24(2525号)主なヘッドライン by 電子デバイス産業新聞（旧半導体産業新聞）	
就活生必見！トヨタ、日産、ホンダ…変革期で試される「自動車業界」の採用動向（ダイヤモンド・オンライン）	
スペシャライズド・Sワークストーチ＆Ｓワークスプリベイル インプレッション｜サイクルスポーツがお届けするスポーツ自転車総合情報サイト｜cyclesports.jp	
【インプレ】ファンティック「キャバレロ500エクスプローラー」｜新旧織り交ぜた現代のクラシックスタイル - webオートバイ	
オリジナルスタイルをキープしつつフルカスタムのGSX1100S カタナ【今週の愛車ピックアップ】	
「ドゥカティのバイク」人気車種ランキングTOP10！　1位は「スクランブラーSIXTY2」【2022年10月版／グーバイク調べ】（1/5）	
トヨタ新型「シエンタ」は買って絶対に間違いのない、完全無欠のファミリーカー	
「ホンダFFミッドシップの歴史、ここに始まる！」直5エンジン縦置きのアコードインスパイアに惚れろ	
『死ぬまで若々しく元気に生きるための賢い食べ方　医者が教える「糖質依存」がなくなる本』2022年10月14日刊行	
"血中ビタミン D 量の低下や筋内ビタミン D シグナル伝達	
の低下が筋力低下を導き、将来的なサルコペ	
イヌの血液のもとになる細胞群の性質を解明	<研究>,<技術開発>
「最高の睡眠」専門家ら追求　アロマや音楽など仕掛け満載“ぐっすり”体験へ	
DRONE FUNDが、自動収穫ロボットによる農業DXで農業課題の解決に取り組むAGRIST株式会社への出資を実行 / 日本農業新聞公式ウェブサイト	
ESGのリーダーたちと考える｢サステナビリティ経営｣のリアル	
正攻法は「まだ存在しない」。だから、MyDearestのVRゲームづくりはおもしろい──大手企業からジョインした3人が振り返る挑戦の日々	
14組出演 音楽フェス「Virtual Reality Music Festival 2022」（VRMF）、VRChatにて10/9 15時スタート	<サービス開始>
2023年以降の注目すべき 『5G』トレンドとビジネスチャンスを解説する無料ウェビナーを、IDTechExが開催します。	<セミナー>,<説明>
NTTデータがメタバースの用途開拓　スポーツから仕事まで、最新取り組み公開 | 電波新聞デジタル	
Appleグラスの3年先を行く「Spectacles」を実際に触ってわかった〇と×	
沖縄で医療機器を開発するコロンビア発スタートアップの正体 ニュースイッチ by 日刊工業新聞社	
『 2023年の拡張現実（AR）と仮想現実（VR）の市場動向 』に関する無料ウェビナーを、IDTechExが開催します。	<セミナー>
BLEセンサーを長距離通信化し、センサー情報をクラウド管理するサービス	
VIVE Mars CamTrack × Aximmetry による個人向けバーチャル・プロダクションを体験する｜UMU TOKYO｜note	
ニュースルーム - パナソニック コネクト	
2つの独自技術で高品質な造形、金属3Dプリンタへの関心の高まり実感：Formnext Forum Tokyo 2022	
MYCITY・パナソニックエレクトリックワークス社　空間価値創出で新会社設立　 | 住宅新報web	<設立>
LinkedIn「マーケティングアワード2022」受賞社発表！オリオンスターロボティクス株式会社「インテリジェントマーケティング」が受賞	<商品化>,<表彰>
LIXILがスマートホームのさらなる普及・発展を担うIoT実験住宅「みらいえらぼ」をオープン	<サービス開始>
規制厳格化で岐路　日本の空調メーカー開発急ぐ	
マイクロプラスチックの健康影響　懸念されるが研究途上	
マクセルのオゾン除菌消臭器が防疫製品等推奨品の認証を取得 | 電波新聞デジタル	<政府・認可>
“オゾン除菌のプロフェッショナル”がお届けする オゾンミライ通信 No.3　2022年月11号	
Proscenic  23900円のコードレス掃除機を無料であげる！特別なプレゼントキャンペーン！	
『ウェアラブルセンサー』の種類・市場機会を解説する無料ウェビナーを、IDTechExが開催します。	<セミナー>,<説明>
知らぬ間に健康維持できる「家」、IoTを駆使して予防や早期発見に導く	
コロナ対策で一気に普及、非接触での温度測定にIoTで挑戦する	
無料で読める英語の書籍たち	
ソマトスタチンの役割発見―神経伝達がアルツハイマー病の毒性を抑える鍵に　韓国	<技術開発>
一般社団法人　予防医療研究協会 「苅部淳」会長 【パーフォーマンスアップ外来】をスタート！	
積水化学、新型太陽電池を実証　フィルム状で耐久性強く	<実験>
【次世代太陽電池の本命】積水化学が開発する「ペロブスカイト太陽電池」の将来性	
プラズモンを用いたエネルギーアップコンバージョン-未使用エネルギー赤外光の活用方法に道-	
単原子触媒を担体上に「のり付け」する	
米Alnylam社、補体C5標的RNAi薬cemdisiranのIgA腎症向け第2相で引き続き好結果	
アルナイラム、ＲＮＡｉ薬、年内にも投入 - 化学工業日報	
アステラス、新薬売上高1兆円計画　31年めど	
九大・静岡大など、高分子鎖の新しい吸着機構を発見	<技術開発>
パーキンソン病 患者の脳内に遺伝子投与 国内初の治験始まる | NHK	
筋萎縮性側索硬化症（ALS）の発症に関わる新たなメカニズムを解明―発症原因へのアプローチにより、治療	<研究>,<技術開発>
2022年10月27日 素材・医療・ヘルスケア２ | 日刊工業新聞 電子版	
これから来る！バイオ医薬株：まだある！注目バイオ医薬株7銘柄　今井正之 | 週刊エコノミスト Online	<株式概況>
Press Release2022 年 11 月 15 日報道関係者各位名    第 一 三 共 株	
［定点観測］主要製薬企業 国内新薬開発パイプライン｜モダリティ編（2022年11月版） | AnswersNews	<技術開発>
News Release2022 年 12 月 5 日各ペ プ チ ド リ ー ム 株 式 会 社	
持効性注射薬、HIV治療の新潮流に｜感染症｜学会レポート_臨床医学_薬剤情報｜医療ニュース｜Medical Tribune	
「核酸-PDC」、23年に初の開発候補化合物選定へ　　ペプチドリーム、武田薬品との提携で | 日刊薬業 - 医薬品産業の総合情報サイト	
2022 年 12 月 22 日各    位会社名  ペ プ チ ド リ ー ム 株 式 会 社代	
中外製薬、モデルナ、モダリスが語る多様化する創薬モダリティ | JDIR	<コラム>
ペルセルス、抗体薬品候補の導出活動を主導　　ペプチドリーム子会社と覚書 | 日刊薬業 - 医薬品産業の総合情報サイト	<契約>
2022 年 12 月 26 日各    位会社名  ペ プ チ ド リ ー ム 株 式 会 社代	
「 中枢神経を標的とした核酸医薬の副作用の原因と改善法を発見 」【横田隆徳 教授】	<技術開発>
サウジアラムコとの包括協力協定（MOC）締結	
国産 SAF の商用化および普及・拡大に取り組む「ACT FOR SKY」に加盟しました	
肥料大手ヤラと欧州最大級CCSプロジェクト・ノーザンライツ 世界初の国境またぐCO2輸送・貯留へ	
三菱ケミG、MMAの英生産終了へ　欧州エネルギー高で	
リーガルテックグループTokkyo.Ai社、第11回知財ウェビナー「日本の特許分析と素材戦争AOS 2022 December」を開催	<イベント>
石炭火力発電の縮小計画　黄信号 | 脱炭素社会特集 | 神戸新聞NEXT	
政府支援の在り方検討/CCS30年事業開始へ/経産省 | 建設通信新聞Digital	
日本のアンモニア・石炭混焼による脱炭素化戦略のコストは高く、再生可能エネルギーの方が経済性に優れる	
日揮、温室ガスのメタン排出量測定　インドネシアのアンモニア製造プラント	
インドネシア国立バンドン工科大学（ITB）と共同R＆Dを開始　ガスタービンによるアンモニア発電に関して	
日本、マレーシアとＬＮＧ上流投資や危機対応で協力検討－29日合意へ	<契約>
アジア脱炭素、資金調達難しく(The Economist)（写真=ロイター）	
2022年度資源・環境関連材料部会講演会 「エネルギーの未来の話をしよう」	
最適材料選定を支援/地熱発電の導入拡大へ 酸性熱水 腐食予測/NEDOら | 建設通信新聞Digital	<方針>
ＪＦＥＨＤ／京浜・扇島地区の跡地利用／８社と業界横断組織／活用策検討、行政機関に提言も | 日刊鉄鋼新聞 Japan Metal Daily	
アウルビス―生産にアンモニア投入、パイロットプロジェクトを開始―	<戦略>,<設立>
排出ゼロ火力に前進 「安い発電」へ供給網　小野田聡JERA社長	
ＮＳユナイテッド海運など５社／アンモニア燃料船開発に向け前進／基本設計承認取得 | 日刊鉄鋼新聞 Japan Metal Daily	<政府・認可>
豪州アボットポイント港でのグリーンアンモニア製造、輸出へ向けた調査を開始	<方針>
20万トン級のアンモニア燃料船、川崎汽船など2026年竣工へ ニュースイッチ by 日刊工業新聞社	
２０２５（新中期経営計画）東証プライム（証券コード：１４３３）目 次１．中期	
JERAと電力4社、水素・アンモニアのサプライチェーン構築などで協業検討 | 電波新聞デジタル	
JOGMECが西オーストラリア州と覚書　CO₂回収・貯留などで | 電波新聞デジタル	<契約>
水素やアンモニア導入拡大へ 支援制度素案取りまとめ 経産省 | NHK	
アジアの脱炭素化、後押し　移行金融に官民本腰　ガイドライン6項目 | 毎日新聞	
CMB、アンモニア燃料船38隻発注。小型船は水素。脱炭素投資を加速|日本海事新聞 電子版	
コンクリートと先端触媒の力で水素サプライチェーンを創り出す　會澤高圧コンクリート　會澤祥弘	
記者発表 - お知らせ・記者発表	<商品化>
ファーウェイが適切なシナリオのための適切なテクノロジーを見つけるためのストレージポートフォリオを発表	<レポート>
「第6回日経スマートワーク経営調査」で3年連続最上位の星5に認定 | リコーグループ 企業・IR | リコー	
速報：【EU】【欧州の主なニュース】10月28日	
千葉ジェッツ×サントリー「ボトルｔｏボトル」水平リサイクルを開始	<方針>,<サービス開始>
アピ、健食受託製造最大手、顧客企業・製品ごとに差別化された健康食品を開発・製造し高評価	
【エーミング×アライメント】オーテル（AUTEL）MaxiSys ADAS IA900WAの取り扱いをFINE PIECE デリバリーが開始	
「瓶」は生産全廃の企業も…牛乳で “主役”の紙パック、酒類にも広がる ニュースイッチ by 日刊工業新聞社	<業界情報>
人が手本を示してロボットに教示、微妙な力加減や複雑な動きを自動化：産業用ロボット	<技術開発>
2028年，イメージング＆センシング市場は15.8兆円	
TDK、企業連合「RE100」に加盟　50年に再エネ100%	
トヨタ、塗装工程を技術革新し工場のCO2削減…超高塗着エアレス塗装に除湿レス技術 | レスポンス（Response.jp）	
ＣＯ２資源化の研究施設完成 ＮＥＤＯ、広島の発電所	
炭素材料に吸着した水溶液は酸性？アルカリ性？中性？～カーボンナノチューブ界面に形成される酸性吸着層～ - 国立大学法人 岡山大学	
大気からCO2を効率的に回収-固定化	<技術開発>
JERA、オーストラリアで燃料アンモニア　シェブロンと	
GSアライアンスが人工光合成でギ酸、MOF-量子ドット複合体でシート	
モデルナvs.ファイザー､ワクチン訴訟のゆくえは	
「エンハーツ」、P2で臨床的に意義ある有効性　　第一三共/AZ、HER2遺伝子変異の非小細胞肺がんで | 日刊薬業 - 医薬品産業の総合情報サイト	
アリピプラゾール2カ月持続性注射剤、米で申請受理　　大塚製薬/ルンドベック | 日刊薬業 - 医薬品産業の総合情報サイト	
株式会社カイオム・バイオサイエンス2022.10.4	
2022 年 10 月 4 日塩野義製薬と Medicines Patent Pool によるCOV	
プレスリリース・タイトルリスト　2022/10/04｜薬事日報ウェブサイト	
米バイオジェン、通年利益見通し引き上げ　認知症薬治験結果に自信	
今週の注目5社：バーチャルメンタルヘルスケア / 低額クレジットカード / 脳疾患精密医療 / ポートフォリオ管理SaaS / 自動運転フォークリフト	
片頭痛、生理痛など他者の「見えないつらさ」を理解するワークショップ　慶應義塾大学で開催	<イベント>
エーザイの認知症薬候補｢レカネマブ｣の期待値	
米製薬オルガノン、不妊治療薬に力　保険適用拡大に商機	
アルツハイマー病の新治療薬 最終段階の臨床試験で有効性確認 | NHK	<研究>
バイオ企業の評価、製薬大手との提携条件ヒントに	
2022 年 12 月 9 日報道機関各位国立大学法人長崎大学ネオファーマジャパン株式会社5－ALA	
1週間のM&A速報まとめ（2022年12月19日〜2022年12月23日）	
「スタチンによる筋症状はまれ」を実証｜糖尿病・内分泌｜脳・神経_薬剤情報_運動器｜医療ニュース｜Medical Tribune	<実験>
リドカインによる神経ブロックで乾癬の症状が軽減	
筋萎縮性側索硬化症（ALS）の発症機構の一端を解明 -タンパク質の高密度な凝縮構造が鍵-	<研究>,<技術開発>
化合物とタンパク質間の相互作用を「自然言語でモデル化」 | 医療とAIのニュース・最新記事 - The Medical AI Times	<技術開発>
「アルツハイマー病は脳疾患ではないかもしれない」との仮説	
大腸菌をベースにしたマイクロロボットが、体内で治療薬を運び病巣に挑む	<コラム>
慢性移植片対宿主病(GVHD)が悪化する新たなメカニズムを解明：時事ドットコム	<研究>,<技術開発>
ガラパゴス、関節炎患者を対象の実臨床下での FILOSOPHY試験における有望な初期データをACR 2022にて発表	<レポート>
細胞内鉄濃度の新たな制御機構を解明 ～ATRAPによるTfR1細胞内在化機構の発見～ | 琉球大学	<技術開発>
日独における新型コロナウイルス感染症の重症度と病態の比較	
12月1日上場のサイフューズは1720円(公開価格の6.2%高)で初値つけ売買活発 |  財経新聞	
産総研：医薬品等の副作用で生じるミトコンドリア毒性 1の指標分子を特定	
デザイナー薬剤によるデザイナー受容体活性化の分子機構	
生物科学専攻の濡木理教授が2022年高被引用論文著者に選出 | 東京大学	
中等症～重症アトピー性皮膚炎、抗OX40抗体rocatinlimabの効果／Lancet	
難治てんかん焦点の新しいバイオマーカー「発作時DC電位」 ―国内５施設の共同研究での世界初の成果― | 国立研究開発法人 国立精神・神経医療研究センター National Center of Neurology and Psychiatry	<業界情報>
がん：乳がんの個別化治療の転帰がゲノミクスによって決まるかもしれない	
令和4年（2022年）9月13日	
近畿大学	
国立大学法	
iPSから「さまざまな組織になる幹細胞」培養で新手法　京大など「より安全に」｜医療・コロナ｜地域のニュース｜京都新聞	
BMD-001がアルツハイマー病のヒト以外の霊長類モデルでアミロイドβとタウを減らすとBIORCHESTRA	
社会的なつながりは認知機能低下を遅らせる　他	
11月10日 Tau蛋白質の神経間播種を助ける分子を探る（11月7日Nature Neuroscience掲載論文）	
アミロイド仮説が支持される3つの理由と治療薬開発の課題	<コラム>
免疫治療が心筋炎を引き起こす仕組み	
リソソームによる新しい炎症制御メカニズムを解明	<研究>,<技術開発>
2022 年 12 月 7 日各位M e d i c i N o v a , I n c会  社	
慢性片頭痛と睡眠の質との関係	
ウクライナの患者支援へ、再生医療や歩行リハビリ　広島大大学院教授が計画 | 中国新聞デジタル	
バイオジャパン２０２２に参加＝中国バイオサイトジェン〔ＢＷ〕：時事ドットコム	
医学部医学科の佐藤教授が「AMED再生・細胞医療・遺伝子治療公開シンポジウム」で講演しました | ニュース | 医学部 | 東海大学 - Tokai University	<セミナー>
ヒトラクトフェリンとヒト⾎清アルブミンの融合タンパク質が、 がん細胞転移に関係する遊⾛を強⼒に阻害することを発⾒　東京工科大学	
ＶＲで小児弱視を治療できるか、住商などアプリ開発に挑む｜ニュースイッチ by 日刊工業新聞社	<コラム>
「不幸や孤独」は喫煙よりも人を老けさせるとの研究結果（GIGAZINE）	
オラクル、400TBのワークロードにおいてSnowflakeの17倍、Redshiftの6倍高速なクエリ性能を提供する「MySQL HeatWave Lakehouse」を発表	<商品化>
ウィスコンシン大学マディソン校がGEヘルスケアのディープシリコン検出器を使用したフォトンカウンティングCT技術の米国初の臨床評価を開始	
ワクチンで副反応が確認された患者の94%から「金属のような物質」＝報告書	
コロナ後遺症の原因、体内の残存ウイルスか	
忍び寄る耐性菌、効く抗菌薬が消える？　コロナ下の脅威	
コロナワクチン後に高血糖緊急症｜糖尿病・内分泌｜感染症_臨床医学_薬剤情報｜医療ニュース｜Medical Tribune	
細菌感染症における抗生物質耐性の増加に対応する「より良いデータの必要性」を訴える (報告書) | 公益社団法人 日本ＷＨＯ協会	
ラクスル、MSCI ESG格付けの「A」評価を獲得	<業界情報>,<表彰>
【BYD ATTO 3 試乗】日本市場へ準備万端？ 想像以上の動的質感に驚いた…石井昌道	
日揮ＨＤ、ＳＡＦなど低・脱炭素技術が事業化段階に - 化学工業日報	
燃料アンモニアを洋上で貯蔵・再ガス化 | 電気新聞ウェブサイト	<技術開発>
初の横置きロータリー車：水素とのデュアルフューエルで走行するマツダ・プレマシーハイドロジェンREハイブリッド［内燃機関超基礎講座］	
レポート「デンマークのPower-to-X戦略」日本語版	
スズキ ジムニーシエラ5ドア、2023年後半から2024年前半の間に日本デビューへ！	
LGエネ、国内工場増設に4200億円　電池で投資競争過熱	
社会人向け「AIアプリを活用した課題解決型演習」を創設～12社27人が参加、産官学連携での運営～ | 関西学院大学	
マテリアルズ・インフォマティクスで材料開発を高速化	<技術開発>
ロール各社が注力製品披露　印刷展示会「アイガス」開催	<イベント>
「らくらくスタジオプラン」開始のお知らせ	
2022年12月23日 電機・電子部品・情報・通信 | 日刊工業新聞 電子版	
EV＆電池　世界戦：はるかに進む世界のEV化と日本の可能性 | 週刊エコノミスト Online	<コラム>
半導体の国産化「支持」8割　社長100人アンケート	
シャオミ、長方形画面の1.64型スマートバンド「Smart Band 7 Pro」海外発表	<商品化>
三菱商事・三井物産、豪CCSで鉱区探査の許認可取得	<政府・認可>
実機サイズのCO2固体吸収材の評価に着手　―大気中のCO2を直接回収する技術の開発が大きく前進―	<サービス開始>
デンヨーが水素エンジン発電機を開発へ、CO2排出ゼロ	
合成メタン供給網、ＣＯ２可視化へシステム開発連携／大ガスなど３社 | 電気新聞ウェブサイト	
2050年のカーボンニュートラル実現に向けた都市ガス業界の取り組み	<説明>
シェフラー　水素技術で「CLEPA イノベーション・アワード」を受賞	<表彰>
中国が初の1000万トンのCCUSプロジェクトを開始、中国東部の産業企業向け脱炭素化ソリューションを探究	<戦略>,<設立>
EV重視のスカニアが燃料電池車市販へ、戦略修正か	
大気からCO2回収、脱炭素担うDACの実力　午後6時から配信	
「国産水素」廃プラから年１万トン超　岩谷など３社	
ＳＫ Ｅ＆Ｓ、世界最大規模の「ブルー水素」事業を本格化	<技術開発>
SK E&S、25万トン規模の保寧ブルー水素生産基地の構築へ	<設備投資>
“日の丸半導体構想”再び…… - 吉川明日論の半導体放談(242)	
人口でまもなく中国を抜くインドはスマホ市場もまだ成長が続く　自国メーカーLAVAが「5G最安」の1万円台で5Gスマホ (1/2)	
Makuakeの先行販売で目標金額を325％達成したゲーミングスピーカー「GP3」を10月中旬より全国の販売店で本格展開	
「車種によっては差別される？」海外メディアが報じたEV社会の新たな問題とは | MOBY [モビー]	
環境対策コスト、自動車部品会社の重圧に | U.S. FrontLine | フロントライン	
パナソニック インダストリーら、「超軽量電磁波遮蔽材料」を共同研究─アルミニウム比270分の1の軽さ | 知財図鑑	
米国の対中半導体制裁、新規制発表で強まる警戒感｜2022/10/27(2521号)主なヘッドライン by 電子デバイス産業新聞（旧半導体産業新聞）	
産学連携・パートナー企業と共創。カーボンニュートラルを目指す富士電機の今【PR】	
日本の半導体業界の動きに韓国焦り―中国メディア	
アイシン工場の生産性2.6倍、柔らか車部品を組み立てる独自ロボハンドの実力（ニュースイッチ）	
MEETING 2022	
株式会社村田製作所2022.11.30Copyr	
【ライブ配信セミナー】遺伝子改変マウス作製技術の基礎と応用：PITT法、Easi-CRISPR法、i-GONAD法を中心に　12月22日（木）開催　主催：(株)シーエムシー・リサーチ	
デジタルシフトの実践と進化 ～社会に求められるデジタルトラスト～	<技術開発>
持続可能な製造業の現在地ー脱炭素、カーボンニュートラル、GXをおさらい | Techable(テッカブル)	
ガンマ線の照射によって室温下でセラミックス被覆中の水素が移動することを発見	<技術開発>
レーダー技術の印Steradianを買収したルネサスの狙い	
自営業向け経営管理「CashNote」提供の韓国信用データ、25億円調達しユニコーンに——韓国スタートアップシーン週間振り返り（10月3日~7日）	<サービス開始>
「V2X通信で30年後には交通弱者の事故を90％減に」、コンチネンタルのErdem氏	
光学素子2—光学ガラス—	
“事故ゼロ”目指すマツダ、CX-60に最新の予防安全技術を結集	
Qセルズ、東芝ESS・荏原環境プラントと協調し、荏原製作所向けのオフサイトPPA事業が令和4年度予算「需要家主導による太陽光発電導入促進補助金」に採択	<利用・採用>
再エネ×EVで 自治体の脱炭素をサポート	
再エネ100%データ拠点	
開発相次ぐ系統用蓄電所 | 太陽光発電の専門メディア　PVeyeWEB	
水素のトップリーダーは誰の手に 岩谷産業vsENEOS	
ポータブル電源で世界シェア2位に躍進。中国「EcoFlow」設立5年でユニコーンになったわけ（上）	
地域マイクログリッドで自然災害から防衛 小田原市や北海道など12地域で構築へ	<設備投資>
先端的コンテンツ技術はこれだ!「Innovative Technologies 2022 」採択8技術を発表！柔かい分身ロボット、生きた皮膚の指型ロボ、BMIなど少し先の未来を体感	<技術開発>,<利用・採用>
脂肪組織の体性感覚神経支配	
LIXIL住宅研究所アイフルホームカンパニー、設計・デザインを合理化したセミオーダーの規格住宅	
50兆円市場　在宅医療の未来つくる14のテクノロジー	
呼気・皮膚ガスなどを用いた次世代体外診断の分野における共同開発に関して、ボールウェーブがシスメックスと基本合意	<契約>
Roland DGが3Dプリンタ事業の合弁会社設立	<設立>
Nikon、3Dプリント関連企業2社へ出資	<支援>,<投資>
新型BMW M2は460psのリア駆動クーペでグリルのサイズもちょうどいい 直6、マニュアルは？	
Cerebras Systemsが、大規模言語モデルにプッシュボタン式の容易さとリニアなパフォーマンス・スケーリングをもたらすWafer-Scale Clusterを発表：時事ドットコム	<コラム>,<商品化>
プレスリリース・タイトルリスト　2022/10/24｜薬事日報ウェブサイト	
日本版DVG/DiGAの誕生で、医療AIやSaMDに大波到来となるか。	
BASFとGS E&C、CO2回収のためのモジュール式ソリューションの共同開発で合意	<契約>
ネオテクノロジー「プラスチックリサイクルの全体俯瞰」パテントガイドブック出版・販売開始のご案内	
中期経営計画（2023～2025年度）2022年11月16日証券コード：5019企業理念真に働く国・	
三菱重工 | タイにおけるクリーン燃料発電、クリーン水素、CCUSに関するMOUを調印　同国最大の発電事業者EGATと技術調査や情報交換、相互人材派遣を実施	<方針>
【ウェビナー】「カーボンニュートラル達成と地域課題解決へのプロセス」を９月２２日（木）オンライン開催	<セミナー>
素粒子ミュオンで捉えた！超伝導に埋もれた微弱な磁気の発見　―超伝導発現機構の解明に向けて前進―｜日本原子力研究開発機構：プレス発表	<技術開発>,<商品化>
阪大ら，トポロジカル絶縁体の表面電子状態に新知見	
次世代半導体製造に使われる研磨材料の増産を本格化	<技術開発>
EV市場を狙う、樹脂部品の最前線	<コラム>,<説明>
BMWは10年後までに量産仕様の水素自動車を登場させるとオリバー ツィプセ会長が明言	
ファーウェイがより環境に優しい未来に向けたスマートPVの10大トレンドを発表	<商品化>
光でCO2を資源に　希少金属使わず、東工大・関西学院大	
モーターの大容量化こそ「1チップドライバ」が効果的、集積技術で応えるMPS	
電子部品メーカー大手４社が減益、明暗を分けたモノ	
【速報】長距離ワイヤレス給電で配線のないデジタル世界を創る「エイターリンク」がREALTECH CATAPULT優勝！（ICC KYOTO 2022）	
デンソーなど参入…自動車部品の知見、生かす舞台「農業」にあり	
スマホ失速で明暗、村田製作所など電子部品8社の業績の現状（ニュースイッチ）	
産業機器向け高精度デジタルジャイロ・加速度コンボセンサ SCC400Tシリーズの量産を開始 | 製品ニュース | 村田製作所	<生産活動>
2022年12月1日 電機・電子部品・情報・通信１ | 日刊工業新聞 電子版	
異なる素材を数秒で接合　昭和電工がフィルムタイプ接着剤の量産検討 | 電波新聞デジタル	<生産活動>
オンセミ、革新的なトップサイド冷却パッケージを採用したMOSFETを発表	<商品化>
手軽に太陽光発電、初めませんか？ A4サイズで雨にも負けないソーラー電池を使ってみた	
どうなる？ パナソニックの電池　古賀茂明〈週刊朝日〉（AERA dot.）	
工学：空気から水素燃料を作る新しい方法	
｜2022年度｜ニュース｜株式会社IHI	
半導体中の中性水素状態の謎を解明 －実験と理論との有機的な協働による材料中の水素の詳細な理解へ期待－	<研究>,<技術開発>,<見解>
日本触媒とトクヤマによる「高圧方式に適した大型アルカリ水電解装置及びセパレータの開発事業」がNEDO事業として採択	<利用・採用>
人類を救う頭脳はこの国にあった…！人工光合成、培養肉、量子コンピュータ…「世界を変える日本の天才たち」（週刊現代） @moneygendai	
中国の科学チーム 光触媒の光誘起電子移動の時空間画像を初めて「撮影」	
矢野経済研究所、人工光合成の世界市場に関する調査結果を発表	<商品化>,<レポート>,<方針>
京大ら，LSPRを用いて赤外光をアップコンバージョン	
人工光合成の市場調査結果を発表、ソーラー水素市場は2050年に95億円規模に	
100度台で二酸化炭素を一酸化炭素に転換する新材料とプロセスを発見	<技術開発>
消防科学研究所報	
茨城大ら，光エネルギー吸収差は水素原子1つと発見	<技術開発>
再充電可能なサイボーグ昆虫	
GHG削減・エネ資源創出等に向けて、藻類を中性子線照射で育てる - bp-A ニュース	
京セラのミリ波技術、健康管理やモニターなど応用期待　子どもの置き去り防止など社会課題を解決 | 電波新聞デジタル	<コラム>
マーベリックS1-1000RSプロトタイプ（RWD）【レビュー】 電気、ときどき人	
アマゾンが新規事業と既存事業の「カニバリ」を推奨する訳、日本企業とここが違う！【動画】	
質問と回答を組織の宝に変えるナレッジ管理！ ITサービスマネジメントツール活用術	
2050カーボンニュートラル達成に向けた日本の火力発電の方向性	
心拍や呼吸などの微細な振動を高精度に検出する非接触センシングシステム：医療機器ニュース	
業界動向―テラサイクルの活動を阻む―プラゴミ処理の難問	
紙パックの食用油「スマートグリーンパック®」シリーズ2022日本パッケージングコンテスト「食品包装部門賞」を受賞	<表彰>
【11/9(水)リアル開催決定！】プラジャーナルセミナー2022「サーキュラー・エコノミー時代のプラスチックリサイクル最前線」	<イベント>
VR/ARテクノロジーで防災訓練は進化する	<技術開発>
都市型立体ロボ倉庫を発明／Cuebus・大久保社長	
カスタムできるハイエンドVRヘッドセット「Somnium VR1」2023年初に発表へ	<商品化>
2030年の食卓 ～ニッポン発"美味しい"を世界へ～	
トヨタ「アルファード」&レクサス「LM」に似てる？ ド迫力グリルの「中国」ミニバン新型「M8」に登場に賛否！ 日本メーカーの脅威になり得る？（くるまのニュース）	
サーキュラーエコノミーに向けた事業スキーム構築に係る基本合意のお知らせ	<契約>
双日プラネットとANAグループが航空貨物用プラスチックフィルムのリサイクルにおける資源循環型スキームを構築	<設備投資>,<戦略>
車載電池に迫るＥＳＧ規制の波、ＣＯ２とレアメタル削減で優勝劣敗も	
ＧＳユアサ　産業用LiB、常用市場に照準	
｢RZ｣レクサス初のEV専用車に乗ってわかった実力	
中国EVブランド、欧州で待ち受ける障壁	
「井の中の蛙では生き残れない！」 電動化に直面する【ホンダ・三部敏宏】の一喝	
CATLとダイハツ、戦略的協力に関するMOUを合意	<契約>
８０超の自動車ブランドに４Ｇライセンスを供与＝米アバンシ〔ＢＷ〕：時事ドットコム	
千葉工大と東工大，水中光無線給電をCEATECでデモ	
東工大ら，量子センサで充放電電流を高精度計測	
imecが推進するロジック半導体高集積化の鍵を握るBSPDN、その特徴を理解する(1) 次世代ロジックデバイスになぜ裏面電源供給網(BSPDN)が必要なのか？	
【ライブ配信セミナー】ライフサイクルアセスメント（LCA）概論　～ 環境パフォーマンスの評価手法　12月21日（水）開催　主催：(株)シーエムシー・リサーチ	
光るアイシンのモーター技術、新型クラウンの走り重視HEVに貢献	<説明>,<技術開発>
バリ取り自動化機器「BARRIQUAN（バリカン）シリーズ」が2022年度グッドデザイン賞を受賞	<表彰>
小出製作所、「アルミ表面改質」受注本格化　本社工場にガス軟窒化炉整備	<技術開発>
資生堂、ダイキンが循環経済へ先手	
TASS　台湾・高雄から循環経済を世界へ／台湾各産業で進むCEや脱炭素の動き	
サムスン重工業、炭素中立技術の開発に拍車…BASFと「OCCS」開発に協力	
三菱ガス化学、新潟工場をＣＮ中核拠点に、ＣＣＳの可能性広がる - 化学工業日報	<業界情報>
DMG森精機、最大級の太陽光発電　自家消費用で三重に	
〈社説〉ＣＯ2貯留　脱炭素化の柱になるのか	
CCS（CO2の回収・貯留）のサプライチェーン構築に関する検討・調査を3社共同で実施	<方針>
【経済＃ｗｏｒｄ】＃ＣＣＵＳ　ＣＯ２地下貯留で脱炭素　アジアに潜在力	
石油・ガス世界大手「OGCI」、海運団体と大規模な船上CO2回収実証プロジェクトに着手(米国、スウェーデン)	<サービス開始>,<実験>
日鉄溶接工業　フラックス入りワイヤ　6―9％Ni鋼に最適化	<技術開発>
新造船なら初…圧倒的に不足「SEP船」、日本郵船が運航へ（ニュースイッチ）	
ドイツ大統領がパナソニック草津拠点を視察	
世界環境ランキング…そこそこ優等生の「日本」が大きく順位を下げたワケ（幻冬舎ゴールドオンライン）	
バイオマスガス化市場、2027年に1,531億米ドル規模到達見込み	
ウシオ、大阪大学の「メタンガスのギ酸・メタノール化」の共同開発研究へ参画	<研究>,<提携>
ゲームや製品設計に続く第3の用途　「3D映像マーケ」の夜明け	
EV電池リサイクル企業にマネー殺到　米インフレ抑制法も追い風	
［社説］日本に蓄電池産業を残せるか（写真=ロイター）	
今どきのフランス車、結構イイんです！　プジョー 208のグレードごとの装備の違いをチェックしてみた（carview!） | 自動車情報サイト【新車・中古車】 - carview!	
「もくろみが外れた」 トヨタが見直しを迫られるBEV戦略、想像以上の普及スピードにたじろぐ現実 | Merkmal（メルクマール）	
日本の空調メーカー、欧州のヒートポンプ式暖房に照準、投資拡大	<方針>
東レ　グラスゴーでP2Gシステム、適合性調査を開始 – 日刊ケミカルニュース	<サービス開始>,<方針>
JFEスチール、ロゴ作成　リサイクル製品PR	
錫地金、6カ月下落で疲労感	
ＪＦＥ条鋼　4―9月増収増益　2期ぶり営業黒字	
日産「セレナ」「エクストレイル」に搭載、神戸製鋼の「グリーン材料」の正体（ニュースイッチ）	
量子ドット市場、2027年に211億米ドル規模到達見込み	
LFP時代のバッテリー管理システムは精度が命…二次電池展2022	
インド、半導体産業を育成　米中対立に商機狙う	<コラム>,<説明>
次世代自動車の技術革新と部品市場を調査・分析した「2022年版次世代自動車における技術革新と部品の変化」が発刊	
次世代パワー半導体の開発に生かせる、12インチサファイア基板の性質 ニュースイッチ by 日刊工業新聞社	
Pro Shop インストール・レビュー メルセデス・ベンツML（オーナー・平田宏一さん）　by　 AUDIO.VISUAL.SECURITY FIST	
愛知の車部品、脱炭素に注力　多様な手段で環境対応	<技術開発>
「脱炭素」を実現するビジネスの新潮流 ～カギを握るのは「CO2の見える化」～	<技術開発>
GX基本方針（今後10年を見据えたロードマップ）の全文	
由風ＢＩＯメディカル株式会社「国内初　再生医療製品等の統合管理プラットフォームを構築へ」	
ドローンの社会実装を日本のものづくりでリードするイームズロボティクス株式会社に投資を実行	
Ｔｈｉｎｋｅｒ、近接覚センサー、産業ロボなど開拓 - 化学工業日報	
Vol.06 デュアルモニターのススメ「BenQ PD2725U」[Monitor Review]	
バイエルン州でグリーン水素プロジェクト進む(ドイツ)	
【ライブ配信セミナー】硫化物系固体電解質の量産技術　12月1日（木）開催　主催：(株)シーエムシー・リサーチ	<イベント>
水素発生効率と電化輸送特性を向上させるCOF材料の結合様式制御手法、京大などが開発 (1)	
SKエナジー、「都心型分散電源」普及に拍車…燃料電池で電力補給	
抗菌ガラスの世界市場	
分断する世界、脱炭素戦略に影　再エネで供給網リスク（写真=ロイター）	
⽇本最⼤のタクシーサイネージメディア「Tokyo Prime」、幅広い世代の乗客に向けたコンテンツを拡充	
「すべて⾃然に還る」エシカル素材で作られた鯖江メイドのサングラスブランド「jugaad14(ジュガードフォーティーン)」よりリーディンググラス搭載のNewシリーズローンチ...	
長時間着用しても疲れない！メガネ着用のまま大迫力の画面を楽しめる「3Dポータブルヘッドマウントディスプレイ」のクラウドファンディング開始	<サービス開始>
サウンドバー頂上対決「ゼンハイザー AMBEO VS デビアレ　Dione」リビングオーディオはこれ!	
人流データの利活用の更なる拡大を目的に、クラウドサービス "人流アナリティクス"をリニューアル	
『ディスクロニア： CA』エピソード1を先行レビュー。VRで実現した“未来の犯罪捜査”はSF好きにはたまらない至高の体験に！	
グーグルの3Dビデオチャット「Project Starline」を体験--目の前にいるような臨場感	
遊ぶ・買う・学ぶ…メタバースは多様な「人の営み」に広がる	<業界情報>
富士フイルム 次世代電池の米国企業24Mテクノロジーズ社へ出資 | 富士フイルム [日本]	<支援>,<投資>
TSMC、アリゾナ新工場を4nmプロセスに切り替え |  財経新聞	
グーグル、悪質な「Chrome」拡張機能を削除--計140万ダウンロード 【CNET Japan 2022年09月02日】	
ウェアラブルロボットで転倒事故を察知・防止へ シンガポール《動画あり》	
指輪型ウェアラブルデバイス、Apple新製品まとめなど--週間人気記事をナナメ読み（9月8日～9月14日）	
新しいメンタルヘルスケアの形としてオンラインメンタルヘルスケアサービス「MeeetU」がリリースされました。	<サービス開始>
日電波、ADワークスグループ、日本金属など／本日の注目個別銘柄 |  財経新聞	<株式概況>
誰もがNFTアートに挑戦できる、作品のNFT化から販売までを伴走日本発のNFTローンチパッド「MUGEN Genesis」を開始	<サービス開始>
米、ロシア「テロ支援国家」指定見送り	
2022年12月8日 機械・ロボット・航空機１ | 日刊工業新聞 電子版	
世界26カ国から620社が集結　見本市「ファッション ワールド 東京 秋」が10月開催 （PR）- WWDJAPAN	<イベント>
燃料電池と自動運転のフォーク披露、トヨタL&F	
価格３割安・耐久性２倍、トヨタ系メーカーが製品化したＦＣフォークリフトの性能	
建機新報　第2201号　2022年（令和４年）９月21日（水）発行 | 週刊 建機新報	
「後付け衝突軽減システム」搭載コンバインドローラのレンタルを開始	<サービス開始>,<技術開発>
法人向けスマートフォン「arrows BZ03」新発売	
アイシン工場内物流を自動化、MujinのAGVなど	<技術開発>
光ディスクは滅びぬ。1TBあたり5ドル未満の光ストレージ技術	
スパイダープラス、　基本特許「チェックリスト指摘管理連携」を取得	<政府・認可>
モービルアイとは違う、エヌビディアが2000TFLOPSの車載SoC	
グーグルのクラウドゲーム「Stadia」、サービス終了へ--2023年1月で 【CNET Japan 2022年10月03日】	
Nexteerが新しいビジネスモデルを可能にする技術でSAAのMobility Innovation Awardを受賞	<表彰>
ヤマハの電動トライアルバイク「TY-E2.0」など３製品・サービスが2022年度グッドデザイン賞を受賞	<表彰>
LinkedIn、「TOP STARTUPS 2022年版」を発表	<商品化>
「グリーン水素」を作り出せ　再エネ由来、最前線は山梨、福島両県	
三井化学がメガネレンズ加工機器会社を買収した狙い ニュースイッチ by 日刊工業新聞社	
EV世界競争の鍵、車載電池　中韓追う日本勢に足りないものは	
LG化学、ナスダック上場バイオベンチャーを買収へ	
ロッテケミカルの経営陣、自社株4億4000万ウォンの取得…責任経営強化の次元	
「中発グループ Global Vision 2025」	
（2021年５月策定）アップ	
LG経営研究院「来年の成長率1.4%・・・弱いスタグフレーション」	
忙しい朝でも自動で衣類ケア、シワとり・消臭機能が賢いパナソニックの新ドラム式洗濯乾燥機	
【サウナで「ととのう」これ一枚】ハット、マスクも兼ねた新発想タオル！クラウドファンディングがスタート	
メディア企業によるFIFA ワールドカップ 収益化戦略の内幕：「マネタイズの多角化のためにも、稼げるだけ稼ぐ」	
筑波大，中赤外線により30fsで原子や電子を観察	
水クラスターのアト秒分光測定	
韓国研究機関、電子顕微鏡の核心装置「高性能エネルギー分析器」を国産化…英研究紙にも成果掲載	<技術開発>
オックスフォード・インストゥルメンツ、10/5（水）「MapSweeper - EBSD最新パターンマッチング技術」ウェビナー開催	<イベント>
水素による金属材料の劣化に抗うための取り組み 〜水素浸食〜｜谷口シン＠自由に勉強するnoter｜note	<説明>
東大など、CNFの欠陥構造は表面にある原子レベルの凹みであることを確認 (1)	<研究>
理研，顕微軟X線分光法で接着接合界面を可視化	<技術開発>
加硫天然ゴム中の未知構造が明らかに	
中央大、生体浸透圧調整物質TMAOの機能溶液化学を分子間相互作用の時空間精細解析で解明	<技術開発>,<研究>
西原 寛教授が公益財団法人 加藤科学振興会において加藤記念賞を受賞｜東京理科大学	<表彰>
第37回分析電子顕微鏡討論会	
【横須賀市様にご協力を頂き、発話音声データの収集を開始しました！！】発話音声から睡眠不足を検知し交通事故を減らすリスク管理DX	
【締切迫る】味の素 × 一橋大 名和教授、住友化学、損保ジャパンのDX推進者が講演	<セミナー>
カーボンニュートラルの実践工場で脱炭素社会に適した工作機械を生産：工場ニュース	
22年超モノづくり部品大賞、受賞部品・企業一覧	
中国のインク・トナー市場の動向	
下着が少し濡れてしまう程度の尿モレの方をサポート  くり返し使えるサスティナブルな吸水布ナプキン「Susty Nap（サスティナップ）」発売	
−5度でもぽっかぽか。羽毛を使わない、100%リサイクル素材の“ダウンジャケット”【VOGUEエディターの #ChangeChallenge】	
【衣料品廃棄を救うサーキュラーエコノミーシステム】サステナブルなファッション業界の確立を目指す「エコログ・リサイクリング・ネットワーク」を運営するエコログが...	
繊維から生まれた“土”、「トゥッティ」が広がるワケ (PR)- WWDJAPAN	<業界情報>
【PR】旭化成　繊維産業の未来担う、日本とイタリアの若者が交流 | 繊研新聞	
【クラウドファンディング目標金額1000%達成！】リサイクル由来の再生ポリエステル・BRING Material™ を使用したメンズアンダーウェア『UNSUNG』がMakuakeにて先行予約...	
100万以上の細胞をミクロンレベルの空間分解能でワンショット観察可能なトランススケールスコープAMATERAS	
細胞培養の最前線『培養レザー』｜haruki0923｜note	
【私のイチオシ旅行グッズ】撥水性抜群でコンパクトに持ち運べるファミマの「コンビニエンスダウン」	
世界を変える大学の優れた研究シーズをプレゼンテーション！ / 日本農業新聞公式ウェブサイト	
＜第２回化学製品商談会＞インド化学企業と日本企業との化学製品の商談会！コロナ禍を経て、３年振りの開催！	<イベント>
ケミカル マテリアルジャパン Japan 2022 -ONLINE-	
ドルンビルン国際繊維会議で講演＝米ライクラ〔ＢＷ〕：時事ドットコム	<セミナー>
脱炭素社会実現の切り札、新世代のセルロースナノファイバーが誕生	
飲料リユース容器シェアリングサービス実装化｜東京都	<技術開発>
みずほリサーチ&テクノロジーズ ： 企業に求められるカーボンニュートラル制約下におけるプラスチックに関わるサーキュラーエコノミー対応（1/3）	<技術開発>
【WEBセミナー】熱可塑性エラストマーの基礎と製品設計と評価	
3Dプリントによる植物由来の電気自動車を発表	<商品化>
持続可能性に関するトレンド、技術などを発信する「サステナビリティハブ」が本格始動	
－国内での回収循環型リサイクルシステムを拡大－ | ニュース一覧 | TORAY	
2022年12月6日 素材・医療・ヘルスケア２ | 日刊工業新聞 電子版	
マツキヨココカラ／海洋プラスチックごみ問題解決に向け団体加入	<提携>
いつもの洗濯をナノバブル化！ 洗濯物も洗濯槽もキレイにできる簡単設置のアダプター「あっとホワイト」	<技術開発>
【PETのケミカルリサイクル】日揮HD・帝人・伊藤忠商事、ライセンスを目的とした合弁事業会社 RePEaTを設立	
セルロースの表面を溶かして分解する酵素の機能を解明 ――70年にわたる議論に終止符――	<技術開発>
積水化成品工業　生分解性発泡体を開発、用途開発に注力 – 日刊ケミカルニュース	
リサイクルの課題解決へポリスチレン業界が乗り出す連携の構図 ニュースイッチ by 日刊工業新聞社	
抗菌・抗ウイルスコーティング「ヘルスブライト」の官公庁向け特設サイトオープン	<サービス開始>
80年超の歴史を持つ総合化学メーカー ―― 日本カーバイド工業［4064・プライム］	
エクセル拒否！「うちはアナログでやってきた。改善や効率など考えなくていい」と言う社長 即行で辞めた体験談【後編】	
年末の大掃除に！ オーブンの油汚れをきれいに掃除する方法（ELLE DIGITAL）	
スーパーキャパシタの市場規模は、2022年から2027年にかけて平均年成長率14.1%増で推移する見込み【市場調査レポート】	
２０２２年 １１月１７日温室効果ガス排出量の削減に向けて欧州カーボンマネジメント会社との業務提携帝	
自動車の“脱炭素化”のいま（後編）～購入補助も増額！サポート拡充で電動車普及へ	
フォルクスワーゲンAG、2027年までにデータセンターをカーボンニュートラル化	<技術開発>
脱炭素実現へ、再エネ導入進む　神戸の産業用ベルト大手２社　生産過程で温室効果ガスを抑制	
卵の殻から自動車内装品も?　「サーキュラー」経済が注目の展示会 | 電波新聞デジタル	
昭和電工、低炭素アンモニアのCO2排出量80％強削減を確認 | ゴム報知新聞ＮＥＸＴ | ゴム業界の専門紙	<研究>
日本の特許分析と素材戦争 AOS 2022 December – WebinarABC.jp	
中国の自動車輸出が急ピッチで進む	
株式会社岡本工作機械製作所	
（証券コード：6125）2023年3月期第2四半期	
決算説明会資料202	
自動車OEM向けのLSLiDARイメージグレード1550nm LiDAR「LSシリーズ」が発売開始－自動車の安全性を新たな高みへ	
アクアを一部改良 | トヨタ | グローバルニュースルーム | トヨタ自動車株式会社 公式企業サイト	
レダーテックのソフトウエアが知覚センサー賞受賞〔ＧＮＷ〕：時事ドットコム	
フレキシブルセンサーでソフトロボットハンドの「つかむ、放す、つかみ損ねる」をセンシング〜⾷品パッキングの⾃動化への重要技術〜	
｜立命館大学	
Metaverse Japan、インキュベーションと企業向けの学習プログラムを発表	<商品化>
Selenium コードを GUI で自動生成して実行するアプリを作りました	
Pythonと機械学習フレームワークを使って「AI翻訳」の世界を学んでみよう：人気連載まとめ読み！ ＠IT eBook（100）	
人に代わる従業員「デジタルワーカー」、実力はただの自動化にとどまらず	
【視聴無料・見逃し配信】NEDOが厳選した、次世代のテクノロジーを有するスタートアップ23社のピッチを見逃し配信中	
データ活用はDX成功の鍵！データの価値を最大化するためのデータ整備のポイント｜DX SQUARE	
要素技術の集大成「V2X対応車載用充電器」 | ダイヤモンドエレクトリックホールディングス株式会社| DIAMOND ELECTRIC HOLDINGS	
もはや社会課題。エンジニア不足にどう立ち向かうか	<コラム>
【事業企画・経営企画部門向け】ウェビナー再開催！「これからのオープンイノベーション / M&A戦略 ～世界の知的＆投資情報×自社の無形資産による共創戦略の構築～」	<イベント>
GPSをONにして20時間駆動！5気圧防水対応で体脂肪率や体内水分量も計測できるGalaxy「Watch5」	
内山幸樹 | Forbes JAPAN（フォーブス ジャパン）	
〈社説〉半導体の新会社　国の前のめりが気になる	
原子力機構、シリコン酸化膜の成長メカニズム解明　高輝度放射光でリアルタイム追跡	<技術開発>
起業家のための DOE ガイド - FoundX Review - 起業家とスタートアップのためのノウハウ情報	
化学燃料で動く一方向性回転分子モーター	
積水化成品が「ピオセラン」を刷新　環境ソリューションに配慮 | 電波新聞デジタル	
73】中国国産「ラージトウ」、炭素繊維産業の発展をリード | Science Portal China	
ミネベアミツミグループのミツミ電機、リチウムイオン／リチウムポリマ2セル用2次電池保護IC「MM4128」「MM4129」を量産開始	<生産活動>
日本材料技研、MXeneの技術開発で新製品・新技術開発助成事業に採択	<利用・採用>
技術：ロボット工学と人工知能システムを併用して電池開発をスピードアップ | Nature Communications | Nature Portfolio	
【ライブ配信セミナー】リチウムイオン電池の基礎と性能・安全性評価手法　10月27日（木）開催　主催：(株)シーエムシー・リサーチ	<イベント>
「ハイブリッド」と「リモート」で生じる企業文化の差を埋める必要性	
プレスリリース – ページ Array – 東京都市大学	
挑戦者2022：「紙」から作る新素材で“脱プラスチック” | 週刊エコノミスト Online	
ＣＣＳの新手法確立へ、バイオマス燃焼灰を活用／トクヤマ・伊藤忠エネ | 電気新聞ウェブサイト	
FINE PIECE デリバリーが、アルティア（ALTIA）ホイールアライメントテスター Jumbo 3D SUPERの取り扱いを開始	<方針>
ヤマハ発動機がヘリを使った森林計測ビジネスに挑むのは「人のため」	<コラム>
CT125・ハンターカブも参加OK！初めてオフロードを走りたい人にピッタリ「トコトコ祭り＠成田MXパーク」10月29日開催（モーサイ） | 自動車情報サイト【新車・中古車】 - carview!	<イベント>
ヤマハ、新型ドローン・無人ヘリ発表国の標準機体「ＹＭＲ-Ⅱ」 〝２機種の共通化＂がキーワード	
SPA化するMPAとMPA化するSPA ～TechFeed Experts Night#4 講演より	<セミナー>
植物由来の次世代素材を水上オートバイ部品へ採用〜輸送機器部品への実用化は世界初〜 - ニュースリリース | ヤマハ発動機株式会社	
【ドリフトドライバー粟野如月×エフディエム】最新フレーム修正機で大クラッシュボディを歪み矯正！　FINE PIECE デリバリーがコラボキャンペーンを開催！	<イベント>
タイ国際モーターエキスポ 2022 (1)：今こそ未来に触れる時 - 自動車産業ポータル マークラインズ	
SPring-8研修会 「高エネルギー分解能XAFS測定研修会」 — SPring-8 Web Site	
らせん結晶内で回転する原子の運動モードを観測 真のカイラルフォノンの発見	<技術開発>
放射性中性子を排出しないクリーンな核融合――コンパクトで高効率な水素－ボロン核融合炉を計画	
香港でバーチャルファッションイベント、買った服はメタバースで着用	
Appleが「Reality」など商標申請ーー期待される仮想現実デバイスのゆくえ【Bloomberg 報道】	
メタが新型VR端末「Meta Quest Pro」　MRで新境地、SNSとも連係	
バスやトラックはもう内燃機関に戻らない？　日本製の商用EVの巻き返し策は	
充放電中のリチウムイオン電池内でリチウムイオンの運動を初測定｜東京理科大学	
育てた苗木を、森へ返す。新しい観葉植物「戻り苗」がウッドデザイン賞2022を受賞しました。 / 日本農業新聞公式ウェブサイト	<表彰>
東大・柳川教授登壇！リスキリングに欠かせない「アンラーン」とは？（現代ビジネス編集部） @gendai_biz	
AEye社とContinental社がTech.AD USAのソフトウェアプラットフォーム賞を受賞	<表彰>
エネルギーの「水素シフト」　福島で立地企業の動きに熱　膨大な調達コスト課題	<コラム>
建設現場で使う電力も100％再生可能エネルギーに	
【特集2】需要家側の役割が重要 省エネの余地ある中小企業	
太陽光発電事業者の収益性向上実現/東京センチュリーら共同事業会社設立 | 建設通信新聞Digital	<設立>
【逆襲】バブルを起こせ。日本再興の鍵は「ディープテック」にあり	
SDGs評価が高い企業ランキング2022【電機・電子】	
【自動車用電子部品技術特集】自動車用アルミ電解コンデンサーの最新技術動向　ニチコン | 電波新聞デジタル	
ロッカー格納物をまるっと充電、村田などが「効率1割」の新型無線給電	
Aras、フィンランドのオプトフィデリティ社の多様な製品管理と企業成長をサポート	
京セラの「リアルタイム食事管理システム」に関心　CEATECで様々な製品など紹介 | 電波新聞デジタル	
TDK、4～9月連結は売上高・営業益とも最高 | 電波新聞デジタル	
電子部品の｢円安効果｣飛ばす中国スマホの誤算	
村田製作所が狙う「スマートホーム世界統一規格」の縁の下、日本企業は手遅れか	
【環境】2022年の世界CDP Aリスト企業一覧 〜気候変動・ウォーター・フォレストの3分野〜 | Sustainable Japan | 世界のサステナビリティ・ESG投資・SDGs	
ＣＤＰ2022環環情報開示、花王が３分野で最高評価	
知的財産のさらなる活用呼びかけ　特許庁長官就任の浜野幸一氏インタビュー＝福島県南相馬市鹿島区出身＝	
参考審決等の英訳 | 経済産業省 特許庁	
フッ素化合物を一切含まない製品「OF1（オーエフワン）」シリーズ第一弾 日本初！有害物質ゼロの消火器「YFX-3」※1	
ゆっくりした動きで発電するウェアラブル発電機＝理研など	
佐川急便を中核とするSGホールディングスグループと物流業界全体を支える人材プラットフォームの共同開発に向けて検討開始	
【プレスリリース】リチウムイオン電池正極の低結晶層状構造を支える2種類の支柱 -  国立大学法人 徳島大学	
アフリカ系の前立腺がんに特有なゲノム変化	<技術開発>
AWS、シムシティのように都市などの大規模3Dシミュレーション演算をクラウド上で可能にする「AWS SimSpace Weaver」発表。AWS re:Invent 2022	<商品化>
IBMからの打診も「担える国内企業がいない」、ラピダス誕生の舞台裏	
村田製社長、スマホ市場のさらなる下振れ警戒－高価格帯にも不透明感	
太陽誘電、下期のコンデンサー工場稼働率70％	
【ライブ配信セミナー】高周波対応プリント配線板（PWB）作成に求められる回路形成・材料技術　9月29日（木）開催　主催：(株)シーエムシー・リサーチ	
閉じ込められた水の相図	
フェムト秒レーザーによる強誘電体ナノドメインの書き込みと消去	
本学大学院生が日本セラミックス協会 第35回秋季シンポジウムにおいて優秀発表賞を受賞｜東京理科大学	<表彰>
豪州でバナジウム事業を推進するVecco社へ出資	<支援>,<投資>
SPring-8研修会「超セラミックスにおける放射光先端計測の利活用法」 — SPring-8 Web Site	
理研ら，電子が質量を失って液晶になる物質を発見	<技術開発>
フレキシブルデバイス向けロールツーロール技術の世界市場	
皮膚や臓器に密着、極薄伸縮性導体の可能性を実証	<実験>
Intel、AV1エンコード可能なデータセンター向けGPUを正式発表	<レポート>,<商品化>
水に溶けたラジウムの姿を世界で初めて分子レベルで観測	<技術開発>
景気減速にも関わらず果敢に投資する米国と英国、両国アプローチの興味深いコントラスト - 吉川明日論の半導体放談(239)	
公大ら，らせん結晶に回転する原子運動モードを観測	<技術開発>
全原子古典分子動力学法による高分子物性計算を全自動化する ソフトウェアRadonPyをリリース ～高分子材料物性大地図の作成に向けた第一歩～ | 統計数理研究所	<技術開発>,<サービス開始>
NAVER-サムスン電子、AI半導体ソリューション開発のために協力	
 | 研究成果 | 九州大学（KYUSHU UNIVERSITY）	<業界情報>
早稲田大学、実験研究内容を電子記録・自動解析するAIシステム	
AI（人工知能）の世界最高峰の国際会議「NeurIPS 2022」で論文採択～Vision Transformerに代わる画像認識モデル～ | 立教大学	<利用・採用>
材料開発を劇的に変える、「マテリアルズ・インフォマティクス」の可能性	<コラム>
ビジネスで使える「教師あり学習」「因果推論」のアルゴリズムはこれだ	
【No.55】Vol.30 2022.NOV『マテリアルズ・インフォマティクス』｜技術ノート「こべるにくす」｜株式会社コベルコ科研｜神戸製鋼グループ	
タイヤ開発における体系化が困難な匠のノウハウをAI化	<技術開発>
製造現場の難題をAIで解決、世界トップ100技術者5人を抱える京都発のAIベンチャーRist	<コラム>
大規模言語モデルが臨床記録の解読に貢献する | 医療とAIのニュース・最新記事 - The Medical AI Times	<説明>,<技術開発>
インデックスプロ社、「indexProアワード2022」を発表	<表彰>
高温融体の熱伝導率の短時間測定技術を実用化｜ニュースリリース｜株式会社コベルコ科研	<技術開発>
東北大ら，テンダーX線タイコグラフィで硫黄観察	
【福田昭のセミコン業界最前線】 Optaneメモリの挑戦と挫折。【第3部】第2世代3D XPoint技術の行方	
八光オートメーション、ミリ波使用のCTスキャナーで原料廃棄削減に貢献 | 電波新聞デジタル	<説明>,<技術開発>
完全自動運転を実現するＡＩのカギ握る、次世代「スピントロニクス」の世界｜ニュースイッチ by 日刊工業新聞社	
産総研が開発したリアルタイム分光法の仕組み｜ニュースイッチ by 日刊工業新聞社	
スキルミオン人工知能素子	
ファーウェイ、ホワイトペーパー「Data Storage Power - The Digital Cornerstone of High-Quality Development」を発表：時事ドットコム	<研究>
JAM-5200EBM 電子ビーム金属3Dプリンター | 製品情報 | JEOL 日本電子株式会社	
Paumanok Publications 「回路保護部品：世界市場、技術、機会　2022-2027年」出版・販売のご案内	
複雑な組成のドーピング	
サブマイクロメートルの波長で動作する全集積フォトニック回路	
要件駆動の「ジェネレーティブデザイン」が軽量化に革新を起こす	
公大，2京分の1gのタンパク質をレーザーで計測	
【.biz 】 日立、GPUなしでAI処理可能なPower10プロセッサ搭載サーバー	
分子研ら，ラマン分光で単一分子のジュール熱を観測	<技術開発>
一つの植物細胞を丸ごと3次元で再現	
共同発表：電気機械的穿孔法（エレクトロメカニカルポレーション）による細胞への分子導入促進～電界誘起気泡の挙動制御が細胞の遺伝子操作に貢献～	<商品化>,<説明>,<技術開発>
京大など、ベリリウムを含む化合物の特性を予測する「電子的記述子」を発見 (1)	<技術開発>
車載システム向けセキュリティを提供する「AutoCrypt IVS」、CyberSecurity Breakthrough Awards」にて「今年の自動車サイバーセキュリティ賞」を受賞	<表彰>
クォーク物質を重力波で探る	
大阪公大など、結晶とガラスのような非晶質両方の性質を併せ持つ物質を発見 (1)	<技術開発>
陽子のもう1つの謎	
粘度ががんの転移に関与	
波長可変半導体レーザーガス分析計	
本学大学院生が第16回分子科学討論会において分子科学会優秀講演賞を受賞｜東京理科大学	<表彰>
株式会社ナビットは、11月16日（水）～11月29日（火）まで「【売上300%UPの事例紹介】インフルエンサー活用セミナー～Instagram徹底解説～」を2週間限定配信いたします。	
COMSOL Multiphysics® バージョン6.1をリリース	<サービス開始>
商用化も視野に入る高性能ペロブスカイト発光ダイオード	
酸素発生反応の酸化還元化学の光による切り替え	
横国大，3Dプリンタで3Dフレキシブル配線を作製	
三重大Ｒナビ -三重大学の研究最前線-|酸性泉に適応した光合成細菌のタンパク質進化	<技術開発>
AIカメラソリューションを活用した"交通量・通行量調査"「SCORER Traffic Counter Edge」をアップデートし、検知精度向上＆新機能を搭載！	<技術開発>
産総研、セシウム原子泉時計と光格子時計でダークマターの探索領域を拡大 (1)	<方針>
高輝度放射光で解き明かすシリコン酸化膜の成長過程 ～ナノデバイスの世界を支配する界面欠陥とキャリア捕獲～（プレスリリース） — SPring-8 Web Site	
ナトリウム/ヨウ化物共輸送体の構造を解明	<技術開発>
モデリングとシミュレーションのプロセスを統合すると設計開発はこう変わる	
世界のITを熟知したシーメンスがみる日本企業のDX、成功のための着眼点 | JDIR	
データ収集、検証、文書化、配布のプロセスをクラウド上で自動化 ー EDITROOMリリース | 東洋経済オンライン	<技術開発>
科学的な見方・考え方を育成する	
リスキリングには「行動変容」が必要である | JDIR	
- 日経クロステック Special	
AIの時代、どこから先を信じるか…ブラックボックスにどう対処する？	
｢人と組織｣は事業に先行する——人的資本時代の新しい人づくり	
PETフィルム（スラリー付）のリサイクルによる循環利用促進事業が「廃プラスチックの資源循環高度化事業（経済産業省）」二次公募に採択されました！！	<利用・採用>
イスラエルのストアドット、半固体電池の中期的な利用を提唱	
2022/10/20各　位管理会社名ブラックロック・ジャパン株式会社	
（管理会社コード　13294）	
Samsung、2023年のスマートフォン出荷台数は13%減少見込み	
【記者のひとこと】信号機が起点のビジネスチャンス - BCN＋R	
第19回　街が放つ電波	
SFN、工場における半導体生産の速度を10倍、純利益を40～50倍向上させる「インフラストラクチャ・タイムマシン」を発表	<商品化>
産業用５Ｇ・ＮＲモジュールがＧＣＦ認証を取得＝中国クエクテル〔ＢＷ〕：時事ドットコム	<政府・認可>
村田の部品を使用した新しいアイデア広く募集　村田製作所が共創プロジェクト開始 | 電波新聞デジタル	<設立>
京セラ、3領域の研究開発部門を集約した「きりしまR&Dセンター」を開設	<設立>
村田製社長、スマホ需要は来年も低調－中国製品の落ち込み響く	
JVCKW、冶金工、メルカリなど／本日の注目個別銘柄 |  財経新聞	<株式概況>
直径18cmの超大型酸化物系全固体ナトリウムイオン電池、豊島製作所などが開発	
カーボンネガティブ達成目指す/アサヒビール鳥栖工場 | 建設通信新聞Digital	
中国に新工場/445億円を投資/村田製作所 | 建設通信新聞Digital	
米半導体大手オンセミ社長「会津工場で最新の製造技術」	
デジタル人材の育成が企業や社会をより良くする--「AWS Academy」の真価（ZDNet Japan）	
９月２８日（水）九州大学発スタートアップマッチングセミナー＠東京日本橋	
貴金属を使用しないグラフェンの優れた触媒能力の起源を解明 曲面上の炭素を窒素で置換することにより金属と絶縁体の両方の性質が現れることが鍵	<技術開発>
京都大学などが「安全で柔軟な」ポリマー系固体電池、電池討論会で発表	<商品化>
製品1個単位でCO2排出量が見えるように、RFIDが原材料から売り場までトレース	
まずは｢個々の尊重｣を意識する。ロジクールに学ぶ、多様性と向き合うチームマネジメント	
特殊化学品のスピンオフ企業を設立＝グラフェニア〔ＧＮＷ〕：時事ドットコム	
シリコン3Dプリント用サポート材	
3Dプリント技術を駆使した高級ヘッドギア	
アクセリス・テクノロジー社PURION XEmaxの半導体製造認定取得を発表	<政府・認可>
「後工程で圧倒的な存在感を出せる」、昭和電工が強調（EE Times Japan）	
日本の2ナノ半導体量産計画に3つの疑問―中国メディア	
「エルピーダは失敗ではない」問われる失敗の定義	
社会の期待に化学で応える、"グローバルニッチトップ企業"	
次世代電子ビーム技術を研究室からファブへ	
1月31日(火)　AndTech　「先端半導体デバイスにおけるCu多層配線技術・ 低誘電率絶縁膜形成技術・ 及び3次元デバイス集積化技術の 基礎から最新動向と今後の課題」ウェ...	<コラム>
TSMC、29日に南科で3ナノ量産式典【図表】（トップニュース）／台湾	
TSMCが12月29日に台南Fab 18で3nmの量産開始式典を開催予定、台湾メディア報道	<イベント>
垂直グラフェン機能材料が複数の分野で応用へ―中国	
【CEDEC2022】アイデアとイノベーションの源泉、SF思考の最新動向	
炭素繊維複合材の接着接合領域の化学結合分布を可視化	<技術開発>
【ライブ配信セミナー】第一原理計算　入門　～ 原理の把握と物質・材料設計におけるDX ～　1月25日（水）開催　主催：(株)シーエムシー・リサーチ	<イベント>
普通鋼鋼材在庫596万トン　2カ月ぶり前月比減　国内向け	
VW、新型コンパクト電動SUV生産へ…ドイツ本社工場で | レスポンス（Response.jp）	
トライアンフは、よりグリーンでクリーンな未来のために持続可能（サスティナブル）な燃料をテスト中です	
米：EVバッテリー生産と鉱物資源開発の促進のため、エネルギー省は2.8bUS$を拠出	
ＴＤＫ、ワイヤレス充電コイルを薄型化　アキレスのめっき処理技術が貢献	<技術開発>,<説明>
ＴＤＫ、車載用150度Ｃ対応のインダクター	
関水特任教授が代表者を務める研究課題がAMEDの研究事業（4次公募）に採択されました	<利用・採用>
抗菌添加剤市場、2027年に78億4,000万米ドル規模到達見込み	
明治保有の乳酸菌が小腸上皮様細胞を用いたモデル系で 腸管バリア機能を強めることを確認	<研究>
「乳酸菌L.ラクティス プラズマ（プラズマ乳酸菌）」による新型コロナウイルス増殖抑制メカニズムを試験管内試験で確認 | 2022年 | キリンホールディングス	<研究>
クルクミン市場、2027年に1億1,980万米ドル規模到達見込み	
先端の成分と技術を注ぎ込んだ未来の名品コスメ5選	
外骨格システム市場、2027年に52億7,580万米ドル規模到達見込み	
人生初ウェアラブル「スマートおむつ」で変わる韓国市場 (上)	
「キーエンス流」で大手顧客獲得　注目の建材SaaSを支える営業力	
2022年11月29日各　位管理会社名  三井住友DSアセットマネジメント株式会社(管理会社コード	
日本の自家免疫細胞療法が、ジーエヌコーポレーションの技術提供により、ベトナムのビンメック病院でのがん治療に貢献	<説明>,<技術開発>
キンドリルとマイクロソフト、メインフレームを利用するお客様向けにクラウドベースのインサイトとイノベーションを提供する取り組みを発表	<説明>
戸田工業 Research Memo（3）：2023年に創業200周年を迎える老舗の化学素材メーカー（2）	
CEATEC、企業の出展まばら　3年ぶりリアル開催も : Flat Panel TV and Display World-2....液晶・業界・動向	<イベント>
倒産危険度ランキング2022【電機・精密20社】4位に医療機器のニプロ、1位は？	
ローム、20V耐圧nチャネルMOSFETの量産開始	<生産活動>
京都に芽吹く新産業　スタートアップの集積進む	
「今どっちの足で部屋に入った？」JAL社長が恐怖、稲盛和夫氏が謎の問いをした訳	
先進光学衛星「だいち3号」、デバイス面の新機能ふんだんに | 電波新聞デジタル	
“203X年の車室内空間”を創造する、ホンダ系部品メーカーの危機感 ニュースイッチ by 日刊工業新聞社	
Piezo Sonic／搬送用自律移動ロボットのMighty-D3が CEATEC AWARD 2022 スタートアップ＆ユニバーシティ部門 「グランプリ」を受賞	<表彰>
AIとDXを組み合わせた「においのデジタル化」が可能にする新たなサービス	
不確実性をマネジメントするAIアルゴリズムによる科学的経営	
先端技術への挑戦【技術事業開発本部】：みずほリサーチ&テクノロジーズ	
primeNumber社CPO小林寛和、「Data Tech 2022」に登..（株式会社primeNumber プレスリリース）	
2022年12月9日 素材・医療・ヘルスケア | 日刊工業新聞 電子版	
めっき被膜の膜厚測定を効率化、最大5層の金属被膜の厚みを測定：FAニュース	
オリオンスターテクノロジー株式会社が2022年韓国フード&フードテックアワード授賞式に参加	
IAA TRANSPORTATION：ボッシュ、クライメートニュートラルなパワートレインでさらなる成長を目指す商用車向けパワートレインソリューションの幅広いラインナップ | プレスリリース | ボッシュ・イン・ジャパン	
高放熱窒化アルミフィラーを量産検討　トクヤマが柳井市に設備開設 | 電波新聞デジタル	<生産活動>
CIO賢人倶楽部 木内 里美氏、朝日新聞社 須藤 龍也氏の特別対談予定『CIO Japan Summit 2022』今年11月に開催！	<イベント>
旭化成、特許検索を全社員が手軽に　事業発案を後押し	
旭化成、全社員が特許検索を手軽に	
先進技術を搭載しつつ日常使いも重視！ 日産の軽EV「SAKURA」	<技術開発>
オンセミ、ASPENCORE World Electronics Achievement AwardsとEE Awards Asiaで複数の受賞	<表彰>
中国の部品メーカーで発生しやすい、生産開始前／開始後の品質不良とその解決策	
シスメックスとJCRファーマ、再生医療で新会社	
「世界経済の冷え込み」 2022年第3四半期バロメーター	
地球に最も近いブラックホールを発見　マックス・プランク天文学研究所ら |  財経新聞	<技術開発>
AIによる一貫した栽培管理へ！各種データから作物の生育状況を評価する研究農場	
川崎港向けに新型タイヤ式門型クレーン（RTG）「F-ZERO」タイプの初号機2基を納入	
SAP HANA Cloud, data lake Filesへの最初のアクセス設定	
TSMCの2022年第3四半期決算は5/7nmの売上比率が全体の54％に到達	
水質計・PM2.5測定機器で国内トップクラス ―― 東亜ディーケーケー ［スタンダード・6848］	
2023年の半導体市場予測、1桁成長から2桁減速まで各調査会社でまちまち	
分断に揺れるTSMC　技術の限界突破へ頼る日本勢の底力	
半導体不足で月30万台に影響、ボッシュ中国 中国・自動車・二輪車	
日工会稲葉会長、中国市場「トータルでは強い」－ＥＶや半導体けん引	
グローバル生産は3カ月連続で前年越え、2019年比では2桁パーセント減	
セミコンジャパン開幕　「日米欧でデータ社会の主導権」	
半導体の国内投資活発に、貿易摩擦を機にシェア落とした日本	
台湾TSMC「米アリゾナ工場」5.5兆円投資の思惑（東洋経済オンライン）	
戸田工業 Research Memo（1）：酸化鉄で培った微粒子合成技術を深化させ、新素材、新製品で事業拡大	<技術開発>,<方針>
物質・生命科学実験施設でリチウムイオン電池内のイオン運動を初測定 KEKなど研究G	
多様な形状の金属ナノスケール格子	
クリエイターエコノミーの国内市場は1.3兆円 ほか【中島由弘の「いま知っておくべき5つのニュース」2022/10/13～10/20】	
産総研：水になじみやすく、水がスムーズに滑落する透明皮膜	
中国レーザー加工機HSG，日本法人を設立	
生体外でほぼ100％毛幹を生み出せる、毛包オルガノイドを作製	
二酸化チタンナノ材料市場、2027年に268億米ドル規模到達見込み	
KT、韓国の中小企業と「欧州光通信カンファレンス2022」に参加	
【ライブ配信セミナー】半導体デバイスの3D集積化プロセスの基礎と先進パッケージの開発動向　11月30日（水）開催　主催：(株)シーエムシー・リサーチ	
クエクテルがWi-Fi 6およびWi-Fi 6Eのモジュールポートフォリオの拡張を発表、スマートホームと商用のアプリケーションに対応	<技術開発>
ノキアが5Gミリ波で高速化、6Gではセンシングを統合へ	
米テスラ、超音波センサー取りやめへ　駐車時などの検知機能	
【森永乳業】物流資材において、社内プラスチック資源循環を開始	<方針>
水素でディーゼルエンジンの排ガスを改善…FC EXPO 2022 | レスポンス（Response.jp）	
水素調理器や商用水素発電所など続々誕生 「日本初」の水素技術	
スマート農業は課題だらけの日本農業を救えるか	
「福島イノベーション・コースト」プレスツアー	
東光鉄工とFCNT、5G対応エッジAIカメラと国産ドローンを組み合わせた次世代ドローン・ソリューション市場で協創	
ドローン免許制度開始直前！福島でドローン免許制度に向けた概要説明会、体験会、スキルアップ講習を福島ドローンスクールが12月開催	<イベント>
農業用ドローンおよびデジタル農業の技術的知見をブルーカーボン事業へ応用 / 日本農業新聞公式ウェブサイト	
レシートは語る第９回 バロー、デスティネーション・ストア化の成果が如実に _小売・物流業界 ニュースサイト【ダイヤモンド・チェーンストアオンライン】	<コラム>
無人のローソン・ファミマ拡大…ＱＲコードで入店、商品持って出たらカード決済	
《日経Robotics》KDDIが渋谷にロボット利用の無人コンビニ開業、デリバリーサービス向けに食料品など自動ピッキング	
成長戦略を着々と推進／三菱食品	
［社説］エネ供給と脱炭素の両立は待ったなし（写真=AP）	
香港、新しい法律で仮想通貨取引所のライセンス制度を含む	
SK hynixとIntelの中国子会社への製造装置供給に米国政府が1年間の猶予を通達	
なぜロシアへIntelやAMDなどのチップや部品が輸出規制されているのに大量に輸入され続けているのかというグローバルサプライチェーンの仕組みが明らかに	
令 和４ 年 ９ 月 ７ 日運動に適した体の状態をす	
IHI原動機向け電動モーターユニットの試作開発を受託～海上タグボート用推進装置へ用途を拡大～ - ニュースリリース | ヤマハ発動機株式会社	<方針>
バイオコーク技研とトクヤマ、水素保存可能な合金を量産	<生産活動>
事業計画及び成長可能性に関する事項2022年12月	
株式会社スマートドライブ1目次01 会社紹介0	
2022年10月26日 素材・医療・ヘルスケア | 日刊工業新聞 電子版	
Automotive Interiors Expo 2022 Europe：自動車内装技術	
お客様のロジスティックスを次のレベルに進化させるーSchnellecke Logisticsのチャレンジ	<技術開発>
ロボットハンドや生物模倣ロボットの設計に、より幅広く対応	<技術開発>
産総研：電気機械的穿孔法（エレクトロメカニカルポレーション）による 細胞への分子導入促進	
オンセミの新しい誘導型位置センシングへのアプローチが、市場投入までの時間を短縮	
仮想化ソフトウェア「UTM v4.0.3 (Beta)」で、Windows SPICE Toolsの自動ダウンロードとマウントがサポート。	
20年前に〝スマートウォッチ〟お値段94万5千円、驚きのスペック	
グリッド曽我部社長がESG勉強会に登壇｜短報	
仮想オフィス「oVice」、現実のオフィスでの位置情報と連携する機能を実証へ	<実験>
ベンチャー発研究機関、新AGV群制御で物流最適化	<技術開発>
ルネサスのエッジAIが従来比1000倍の性能を達成、エンドポイント学習でも成果	<業界情報>
複数ロボットを一元管理するソリューションにAI人物認識機能を搭載	<技術開発>
液晶ポリマーの再資源化・有効活用事業が「廃プラスチックの資源循環高度化事業（経済産業省）」三次公募に採択！！	<利用・採用>
629. 国際的な協力のギャップがネットゼロを数十年遅らせる可能性 | 国際農研	<コラム>
「原発に1兆円」アメリカの強い意志　大西康之	
海水によるカーボンリサイクル技術	
6月着工へ協定/大熊西工業団地燃料研究施設建設/次世代燃料技研 | 建設通信新聞Digital	
【キーワード・30秒解説】持続可能な航空燃料（ＳＡＦ） ニュースイッチ by 日刊工業新聞社	
出光、次世代エネルギーに1900億円　25年度までの中計	
先導エリア/南側に水素受入タンク/扇島土地利用基本的な考え方/川崎市	
富士石油、上期は増収増益、常圧蒸留装置の高稼働を維持し、原油処理量・販売数量ともに前年比大幅増 |  財経新聞	
経産省、カーボンプライシングで制度案　28年度から炭素賦課金	
廉価EV電池にシフト　ネックは中国依存と航続距離	
血液がんフォーラム2022 オンライン開催のご案内	
関電「原子力から水素」実証／追跡技術を駆使、敦賀で | 電気新聞ウェブサイト	
【国土交通省】「施工DXチャレンジ」を開催。遠隔施工技術の開発は”災害復旧”と”月面”の両にらみ | 施工の神様	<イベント>
14色のペン：アップルがソニー傘下に？経済の「if」	
東芝ら3社、中古EVの電池状態診断技術の実証実験実施に合意	<契約>
〈特報〉万博の電源に「原子力」明記　省エネ計画判明　海水利用の空調も	
東大、知的財産活動の開示へ着手 国内大学初	<サービス開始>,<情報公開>
ReVision 自動運転・ADASサミット2022 - 自動車産業ポータル マークラインズ	
MetaがOCP サミットでAIシステムと液冷ラックを発表	<商品化>
1• イントロダクション• ペプチド医薬品・低分子医薬品プログラム• PDC (peptide dr	
「メード・イン・アメリカ」行うは難し	
第6回放射光・中性子の連携利用に向けた合同研修会「小角散乱測定研修会」 — SPring-8 Web Site	
KEKなど、存在するはずのない中性水素が半導体中に見られる理由を解明 (1)	<研究>,<技術開発>
治療として提供される再生医療の安全性、有効性を京都大学が問題提起	
見逃されやすく、治療率は3％以下*１。犬猫の“変形性関節症”に伴う疼痛緩和に朗報！変形性関節症に伴う痛みを抑える治療薬「ソレンシア(猫用）」「リブレラ(犬用)」が国...	
細胞のマイクロ環境を操作	
楽天エナジー、家庭用蓄電池の販売・運用を行う「楽天ちくでんち」を開始	<サービス開始>
ＥＶ向けバッテリー生産、供給網巡る逆風に直面へ　普及に遅れも	
三井情報、JTOWER・シスコ・AirspanとオープンRAN環境での実証実験成功	
2023 イメージング＆センシング関連市場総調査	
ＴＳＭＣ、米国で２カ所目の工場設立を検討－現在建設中の拠点に隣接	
NECがDX戦略、社内人材1万人をDX人材にシフト	
NTTデータ、NEC、富士通、日立…大手ITベンダー「再編＆淘汰後」の未来図	
なぜ仕事のできない人ほど時間術にうるさいのか…｢時間術で仕事の質は上がらない｣という衝撃データ - 記事詳細｜Infoseekニュース	
【ワークマン仕掛け人・特別講義】「私の言うことは50％間違う」と社員に公言したら起きたこと	
飛行機の廃材があの家電に　炭素繊維リサイクル最前線 | 毎日新聞	
ミンカブ・ジ・インフォノイドとの業務提携に関するお知らせ	
約200社が出展『AI・人工知能EXPO【秋】』10月開催 機械学習/エッジAI/自然言語処理/画像・音声認識/対話AIなど一堂に集結 - ロボスタ	<イベント>
【目標金額578%突破！】１クリックで文字起こし。業務効率化のお供に、翻訳+音声検索機能搭載AIマウスのクラウドファンディングプロジェクト大好評実施中！	
文字起こし・音声翻訳AIを搭載した世界初のメタバースオフィス VoicePing がグローバル企業の海外連携支援のための大幅アップデート	<技術開発>
床マットも認識する小型自動床洗浄ロボット「ハピボット」	
リアルとデジタル、さまざまな世界を繋ぐメタバース--そこでのブロックチェーン技術の役割	
過酷な山道「ルビコントレイル」を走破して街に戻れる、ジープがEV投入計画	
【セミナー動画】2022/11/25 MIRAI-LABO・EVモーターズ・ジャパン・ディー・エヌ・エーが登壇「BaaSの実現に必要な技術、サービスとは？ 〜BaaSプレーヤーの戦略とは〜」	
わずか10年で“メガ”視界に、ファーウェイが車載部品で急浮上	
【現場取材・独自】「食べられる食器」に「使えば健康状態を把握できる容器」が登場、物流の姿にも影響か	
三菱ガス化学新潟工場　水素ステーション完成　FCフォークリフト運用 | 電波新聞デジタル	<サービス開始>
電子レンジってどうやったら綺麗に掃除できるの？→まずボウルに入れた水にお酢を入れて5分チンします	
PRESS RELEASE令和  ４  年  １１  月  １５  日報道関係者各位学 校 法 人	
《耳よりワイズ》22年11月10日のワイズニュース一覧／台湾	
《耳よりワイズ》22年11月29日のワイズニュース一覧／台湾	
ナノトロニクスが新たなnSpec PRISMをセミコン・ジャパンで発表	<商品化>
TSMCの熊本進出決定はAppleの要請によるもの、台湾メディア報道	
東レエンジMIがチップ外観を高精度検査、急増パワー半導体ニーズに対応 | 電波新聞デジタル	<技術開発>
独インフィニオンCEO「半導体の投資継続、トップの座堅持」	
Pixel 7とPixel Watchの価格判明。さらにTensor G2は理想のSoC	
TI内で伸び盛りの車載半導体、3つのトレンド重視で高成長維持へ	
化石燃料を追い求めてきた 米エネ省の研究部門が担う 脱炭素の新しいミッション	
実物大「ウエハーうちわ」人気 デバイスや半導体活用で交流の「メイカー・フェア」 | 電波新聞デジタル	
京セラ、化学材料の法手続きに漏れ　対象製品の販売停止	
東芝テック／業務改善ソリューションセミナー、期間限定で再配信	
ホットストック：東芝が反発、再建策でＪＩＰが融資確保へ前進と報道	
『MEEQ』、数十~数百kbpsの超低ビットレートで利用可能な「AI監視カメラシステム」をプロトタイプ実装	
DARPAがIntelを衛星間光通信プログラムの半導体開発メーカーに指名	
ドコモ、メタバース拡大へ新会社　VRゴーグルなど開発	
製造業、観光業、農業の事例から本質に迫る目的達成のためにDXでやるべきこと	
2030年を読み解く4つのポイント　「GAFAMキラー」が勢力拡大	<方針>
「KONAMI ACCELERATOR 2023」参加企業募集開始！	
日立金属のＴＯＢ成立	
2022年12月23日 ＳＤＧｓ | 日刊工業新聞 電子版	
2023年車用フィルム・シート市場，前年比105.8%	
インドのEV市場、成功にはまだ長い道のり	
欧州、米国、中国におけるモビリティ市場の最新動向をまとめた「モビリティサービス最新動向ガイド 2022年HY2版」をリリース	<サービス開始>
KDDI、スペースXと離島で衛星通信　圏外解消へマスク氏と先手	
超音波技術の市場規模、2022年の推計904億ドルから、2027年には1582億ドルへと拡大予測【市場調査レポート】	
ボルボの次期安全システム、LiDARで「重大事故20％削減できる」	
廃プラから燃料代替油、いわきの企業が実証事業　生成効率は95％	
車載用12Vシステムの性能と柔軟性を向上させるVDA準拠の先進的なLINオルタネータ・レギュレータを発表	<商品化>
エンジンルーム内の熱はどうなっているのか？［内燃機関超基礎講座 ］	
コンチネンタルが運転支援に5nmのAI半導体、性能／電力比40倍へ	
2045年の自動車部品市場見通し、コンプレッサーは電動化で大きく明暗：電動化	<技術開発>
SiCデバイス＆ウエハー、増産計画が続々と具体化｜2022/12/15(2528号)主なヘッドライン by 電子デバイス産業新聞（旧半導体産業新聞）	<技術開発>
大倉工業、フィルム技術でプラスチック問題を解決	<コラム>
GM車のハンズフリー運転、可能エリアが2倍に拡大	<方針>
テスラ、運転支援用の超音波センサーを廃止、カメラベースの「Tesla Vision」に一本化	<技術開発>
光周波数コムを用いた光フェーズドアレイ	
水中でのセンシングや通信、ワイヤレス給電のデモ、CEATEC 2022のALANコンソーシアムブースで実施【CEATEC 2022】	
運賃ゼロのモビリティサービスを神戸ウォーターフロントにて実証	<実験>
屋内外問わずあらゆる空間のデジタルツインを作成、LiDARセンサー搭載3Dカメラ	
先進運転支援システム向けAIソフトウエアはどこまで進化した？ | JDIR	<技術開発>
産業向けAGV・AMRメーカーのFEXA社より新たなラインナップが誕生。パレット、カゴ車、台車などの搬送がより便利に。　【丹波貿易株式会社】	
AEye、OWLオートノーマスイメージング、およびGPRが、12月6日、ラーム・エマニュエル駐日米国大使の公邸で開催されたイベントで最新の自動車モビリティセンシング技術に...	<イベント>
「世界で最もEVシフトの遅い国」日本は大丈夫??　カーボンニュートラル燃料にかけるメーカーの執念と意味	
川崎重工のＧＴ全機種、水素混焼「３０％」に対応へ | 電気新聞ウェブサイト	<技術開発>
関西電力、シェルと覚書。液化水素SCで協業|日本海事新聞 電子版	<契約>
斗山エナビリティ-E1、清浄水素 アンモニア事業のために協力	
【経済＃ｗｏｒｄ】＃水素のカラー　製造時の脱炭素度で色分け	
ENEOSなど　北海道の大規模グリーン水素事業に採択 – 日刊ケミカルニュース	<利用・採用>
合成メタンの新名称「イーメタン」に統一／ガス協 | 電気新聞ウェブサイト	
本学大学院生がThe 2022 IEEE iSPECにおいてbest student paper awardを受賞｜東京理科大学	<表彰>
EVの充電が10分でできる新技術誕生―中国メディア	
【News Letter】ヤマトグループサステナブルレターvol.6 環境編	
ＨＩＯＫＩ　車載バッテリー劣化の把握に新技術　中古ＥＶなど査定の需要見込む	
【提言】EV普及の鍵を握るのは、「普通のコンセント」だ	
EVは走りながら充電できれば超便利なのに…走行中ワイヤレス充電の「夢」と「壁」	
EVユーザー「次に買うクルマもEV」何割？ ガソリン自動車に戻す人も 全国調査で明らかに | Merkmal（メルクマール）	
海外自動運転トラック開発の最新動向（Daimler・Volvo）	
車載イメージングの進化への挑戦	
「ビデオOFF」のWeb会議では意思決定の質が低化――検証結果を発表 ほか【中島由弘の「いま知っておくべき5つのニュース」2022/9/15～9/29】	<技術開発>,<レポート>
ドコモや凸版、パーソルも　シーテックで見えたメタバースの可能性	<コラム>
CO2排出量が実質ゼロ未満のコンクリート型枠、鹿島などが現場に初適用	
東邦ガス社長、脱炭素へ「24年にガスと水素の混焼設備」	
自補修水性システム、「真の実用レベル」へ	
低炭素還元鉄の供給網構築/JFEらアブダビで共同事業化調査 | 建設通信新聞Digital	
伊藤忠、南ア・サソールと覚書。グリーンアンモニアで|日本海事新聞 電子版	<契約>
次世代自動車センター、IHIや日本製鉄招き脱炭素講演会	
バイオエタノール燃料の社会実装に向けた技術研究組合設立【ENEOS／トヨタ自動車ほか】「自動車のCN化」の一環として	
施工15ヵ月後も良好/大成ロテックのバイオアス混合物 | 建設通信新聞Digital	
ＩＨＩ、火力発電所で初のアンモニア混焼 インドネシア・電力・ガス・水道	
【ライブ配信セミナー】リチウムイオン蓄電池最適管理のための残量・劣化推定技術解説　11月16日（水）開催　主催：(株)シーエムシー・リサーチ	
JERA、米豪で脱炭素事業。米シェブロンと合意|日本海事新聞 電子版	
三井化学、ISCC PLUS認証を新たに取得 | ゴム報知新聞ＮＥＸＴ | ゴム業界の専門紙	<政府・認可>
出光、次世代エネに1900億円	
廃プラを分解 ガスに再生	
岩谷産業　大幅続伸、経産省の水素普及支援策などを期待材料視 |  財経新聞	
二酸化炭素「排出量取引」2026年度開始へ 経産省案を了承 | NHK	
アニサキスの心配なし！海なし県発「温泉サバ」　神川で挑戦１年、全滅の悲劇越え出荷へ　今後はイベントも（埼玉新聞）	
商船三井、「AnMO内t」結成。アンモニアの内航輸送網構築へ|日本海事新聞 電子版	<設備投資>
商船三井、22年のニュースダイジェスト発表	<商品化>
いつ学習するの、今でしょ	
次世代半導体より遥かに重要な「半導体不足解消」 手本にすべきはテスラだ | Merkmal（メルクマール）	
車両のガラス面が大型ディスプレイに、自動運転コンセプト『M.ビジョンHI』…CES 2023で発表予定 | レスポンス（Response.jp）	<商品化>
ヒット率98％の衝撃。「検索」がDXの弱点を克服する	
Microsoft Ignite: お客様の効率と生産性の向上に貢献する製品のショーケース	
2022年12月14日 素材・医療・ヘルスケア | 日刊工業新聞 電子版	
AI自動翻訳のロゼッタ ウェビナー『需要が高まる非鉄金属/マテリアル業界の現状と課題　～グローバルサプライチェーン構築を支援するAI自動翻訳＆音声翻訳～』12月14日(...	<コラム>
EV Group、NANOCLEAVE 層剥離技術により、 先端パッケージングからトランジスタのスケーリングまで3次元実装に革命をもたらす	<コラム>
NEDOがバイオ由来製品、実用化へ　産業用物質生産システムを実証 | 電波新聞デジタル	<技術開発>,<実験>
丸紅、東大発バイオベンチャーと覚書　飼料添加剤など開発	<契約>
メタバースでメンタルを整える株式会社Flint、サービス名称を「MentaRest」に一新	
現場との協働でAIモデルを作成！プロジェクトを支えたノーコードAI開発手法	
DeNA子会社ら、院内ICUの遠隔モニタリングおよび救急医療連携に向けた実証	<実験>
2022年09月27日 「ニューイングランド・ジャーナル・オブ・メディシン」 遺伝子変異を有する希少なALSを対象としたトフェルセンのベネフィットを示すピボタル試験データを掲載	
乾癬治療薬・ソーティクツ、重症喘息薬・テゼスパイアなど新規機新薬16成分　11月16日収載へ | ニュース | ミクスOnline	
電子1個の精度で触媒ナノ粒子の電荷量数える　日立／九大の研究者が新技術 | 電波新聞デジタル	
ベクトル、多木化学、エーザイなど／本日の注目個別銘柄 |  財経新聞	<株式概況>
2022年12月1日 素材・医療・ヘルスケア１ | 日刊工業新聞 電子版	
カネカ、生分解プラの原料多様化、廃食油利用で実証 - 化学工業日報	<実験>
カネカ、生分解性ポリマーは農業資材としての需要も狙う	<コラム>,<説明>
脱炭素へ「事業撤退」の決断も　柔軟性、成功のカギに	
積水化学－日立、材料開発ＭＩで協創 - 化学工業日報	
モーンガータ、廃棄化粧品を印刷用技術へ応用する 新たなアップサイクルの取り組みを開始	<説明>
スマートホームの旗振り役にIoTで暮らしはより面白くなる	
公共空間向けロボ販売終了、シンテックホズミ	
日本初のGPS搭載多機能ロボット車椅子誕生！	
リフト付きやダンプ仕様も！　アメリカでも大人気の「軽トラ」は細かな仕様がチョー面白い！	
信州健康ゼロエネ住宅助成金（リフォームタイプ）　令和４年度中に工事着手し、令和５年度中に工事完了する分の申請受付を開始します！／長野県	<サービス開始>
推薦システムにおいて線形モデルがまだまだ有用な話	
ジーマックスがペルチェ素子を中国で65％増産する狙い｜ニュースイッチ by 日刊工業新聞社	
アメリカの自動運転技術、中国へ「ダダ漏れ」説	
EVモーターにレアアースは必要か	
メルセデスAMGの電気自動車に自律走行モードが搭載される可能性	<技術開発>,<コラム>
トヨタ モーター タイランド、11月に水素燃料電池車２台をタイでテスト走行。	
トヨタ・ハイラックスの陽気な「エボリューション」が見えてきた！？タイではBEV、欧州では水素燃料電池のプロトを開発中（Webモーターマガジン）	
日揮グループに「強みを生かしたビジネスモデルの多様化」を学ぼう | JDIR	
森ビル 国際的な環境イニシアチブ「RE100」に加盟｜ニュースリリース一覧｜プレスルーム｜企業情報｜森ビル株式会社	
循環経済パートナーシップ（略称：J4CE ※ジェイフォース）に参加しました	
使用済みのプラスチック製ペンの「水平リサイクル」実証プロジェクトを開始	<実験>
追跡機能付きプラ製品をリサイクル、三井化学ら「Pla-chain」の4社	
ポータブルスピーカーもエコの時代へ、「JBL GO3 ECO」参考出品	
世界のプラスチックを竹で代替 中国とINBARが提唱	
MRIによるアルツハイマー病患者の脳クリアランスシステムの解明｜順天堂	<技術開発>
次世代大型EVトラック発表のMAN／EVとバイオで攻めるスカニア【IAAトランスポーテーション2022】	
意外に難しい「ロボットの手」、機械が人を超える日は来るか	
肩に寄生するヘビ型ロボット　多関節を遠隔から操作　早稲田大などが技術開発（ITmedia NEWS）	
ヤマハ、「移動と健康」に関する2年目の実証実験活動開始	<実験>
世界のラストワンマイル最適化を目指す「オプティマインド」、シリーズBラウンドで約20億円を調達完了	
カラーセンサーで、カーボンニュートラルの実現に貢献	<説明>,<技術開発>
カルチュア・コンビニエンス・クラブ、書店事業で活用のデジタルビジネス基盤を機能拡張	
Johnson Controls の Sensormatic Solutions が、小売事業の最も差し迫った課題を解決する Computer Vision を刷新	<コラム>
NVIDIA、GTC 2022フォローアップウェビナーを開催	<セミナー>
11/10オンライン、「メタバース×産業」企業のメタバース活用のヒント | サポーターズ・コーナー	
メタバースの現在地--調査結果に見る市場規模、主要ベンダー、展望（ZDNet Japan）	
広島からつなぐ仮想空間　VRシステムのビーライズ	
Web3 に必要なのは専門用語でなく、長期的な視野：「顧客のために何をどう変えたいのか考えるべきだ」	
【ＥＣ企業のカスタマーサポート】　「ＡＩ」か「人」か／議論白熱、最適解は”ハイブリッド”（2022年11月17日号） | EC | 日本ネット経済新聞 | 日流ウェブ	
プロも使っている客室乗務員のVR訓練ソフトが一般配信へ	
画像･対話･作曲…生成AI系スタートアップ多彩に	
女性に人気の「副業」でトラブル・詐欺が多発！家事代行にベビーシッター、厳しい現実と泣き寝入り事案 - 記事詳細｜Infoseekニュース	
9/14 高性能護身アイテム「omamolink」に新料金プラン誕生！	
Apple Watchの各種センサーをバンドに移動して本体を薄型化かバッテリー増量	
新Apple Watch誕生　まだ持ってない人を欲しくさせる三つのモデル - BCN＋R	
登場から7年、Apple Watchはクック氏の戦略通りに健康に関心を持つ新しいユーザー層を獲得した (1/2)	
2022年スリープテック市場，前年比133.3%の60億円	
ADATA Technology社製、最新AMDプラットフォームと互換性のあるDDR5メモリの取り扱いを開始	<方針>
光源技術とAI技術の融合による車載ナイトビジョンシステムを開発、京セラ	
半導体製造の米国回帰、CHIPS法がエンジニアに与える影響は（EE Times Japan）	
東京大学、東北大学、神戸大学が推進する、深層学習による超新星爆発シェルの膨張予測を用いた高解像度銀河形成シミュレーションの高速化プロジェクトに、モルフォの『S...	
XRコンテンツの多様な活用法 ｜株式会社WARKからのお知らせ｜note	
国内最大のグリーン水素施設新設　再エネから、山梨県とサントリー合意	<契約>
大阪ガス×三菱重工×日本IBM、CO2流通を可視化し流通・移転を可能にするシステムの概念実証を実施へ	<実験>
ヴァレオ、車両の電動化向けサーマルシステムで 2件の記録的な受注を獲得～グループの年初からの受注額は、40億ユーロ以上に	<業績>
運転支援技術が着実に進化　「レベル2」が高機能化　「ハンズオフ」など限りなくレベル3に近く｜自動車メーカー｜紙面記事	<技術開発>
ユーグレナ社の次世代バイオ燃料「サステオ」を「TOKYO LIGHTS2022」に使用	
古野電気、日本海事協会「イノベーションエンドースメント」取得	<政府・認可>
アイコムの国際VHFトランシーバーが9年連続で米国NMEA賞を受賞	<表彰>
健常成人を対象とした経皮的耳介迷走神経刺激の客観的評価指標の探索	
インド自動車大手、EV化の波　タタは低価格でシェア確保	
食品の時を止める“タイムカプセル”がIoT化　あえて冷凍が常識に	<技術開発>
明治電機工業、豊田支店新社屋で水素利活用を検証	
GaN on SiCが拡大する高周波デバイス市場、 残る課題はGaN on GaNで解決する可能性	<方針>,<コラム>
「Microsoft×教育改革」「ベネッセ×DX人材育成」など18講演！まもなく 【オンラインラーニングフォーラム2022 本日最終日】※旧 eラーニングアワードフォーラム	
株式会社360Channel、VRゴーグルで学ぶ新しい進研ゼミの学習法「ハイリコム学習」の一般体験用VRコンテンツ『関ヶ原の戦い篇』を企画・制作	
レノボ、VeeamおよびNutanixとの協業を通じ、TruScaleインフラストラクチャー・サービスを拡大	<方針>
モータープールで車が勝手に移動してくれる管制システム…オートモーティブワールド秋2022	
9/21オンライン、iPhoneのLiDAR点群で実現するデジタルツイン現場革命で家入が講演 | サポーターズ・コーナー	<セミナー>
オートモーティブワールド秋2022：自動運転、ADAS - 自動車産業ポータル マークラインズ	
新型電動SUVで1,295万円のポールスター 3はドライバーの注意散漫を感知	
GM、クルーズの自動運転EV「オリジン」の生産開始へ、サンフランシスコ全域でドライバー付走行	
小型LiDARでその可能性を広げるInnoviz、日本郵便やBMW、VWと提携	
AI自動翻訳のロゼッタ ウェビナー『自動車生産現場のAI翻訳活用　～海外拠点とのスピーディな情報共有で進むグローバル・コミュニケーション～』11月21日(月)開催	
自動運転車は現在のデータセンター市場を圧倒する可能性	<コラム>
ロータスよキミもSUVか!!　ライトウェイトの雄が SUVに舵切りのなぜ	
VWグループ（下）：半導体不足・ウクライナ侵攻で販売台数減も業績は堅調　 - 自動車産業ポータル マークラインズ	
ムサシの電動化戦略に関する記事が「ジャパンタイムズ」に掲載されました | メディア掲載情報 | 武蔵精密工業株式会社	
自動運転、Microsoftが認めた「東大発AIベンチャー」の正体	
物流で「自動運転トラック」を使う未来を国交省が議論、“新職種”誕生も	
電動パワステの世界市場は2035年に9865万台、ステアバイワイヤは2025年から普及：安全システム	
ソニー・ホンダ、新ＥＶに自社開発ＯＳ搭載　エンタメや新サービス提供を視野	<技術開発>
エリクソン、ドイツテレコム、BMW、ヴァレオ、クアルコムが自動運転アプリケーションの概念実証を発表	<商品化>,<実験>
独自ＡＩで一般道の安全運転支援、ホンダが実用化へ描く道筋 ニュースイッチ by 日刊工業新聞社	
首都圏の拠点統合でシナジー交換の最大化を狙うインフィニオン	<コラム>,<説明>
4本のピラーに自動運転システム内蔵、『M.ビジョンTO』…CES 2023で発表へ	<商品化>
1/17（火）九州・熊本にてデモ会開催！スマホを活用した手軽かつスピーディーに高精度な3Dスキャンを可能にする小型計測機器『viDoc RTK rover』講習・体験	<イベント>
モルフォ、AIによる物体検出ライブラリ『Morpho Deep Detector™』の新バージョン3.0をリリース	<サービス開始>
正産期のHbA1c上昇は帝王切開分娩の予測因子｜女性疾患・周産期｜健康・公衆衛生_小児_糖尿病・内分泌_臨床医学｜医療ニュース｜Medical Tribune	
「ビフィズス菌研究会2022年度 第3回シンポジウム」において発表　短鎖脂肪酸（酢酸）を内包した大腸送達性製剤の腸内環境改善及びストレス緩和作用	<商品化>
【研究成果】イチジクの葉から取れた乳酸菌の作る物質が、肝炎を抑える腸内細菌叢を増やす～軽度肥満者の臨床試験で確認。肝機能改善の傾向も～	<業界情報>,<研究>
「BEV関連部品展示解説イベント」の参加者を募集します！ - 愛知県	
Cryostat 2.1の新ダウンロードAPIでJFRデータに高速にアクセス	
上値が重い小野薬品、「ポストオプジーボ」の具体化が必要	
2022年第2四半期のファブレス上位10社の売上高合計は前年同期比32％増の396億ドル	
自動運転で北海道”ほぼ”一周、新興が実証	<実験>
オプティムのiPhone点群アプリ「Geo Scan」で縦横断測量！ 外付けLiDARで計測距離も40mに | 建設ITブログ	
完全自動運転へ「機械の目」磨く　新興のKudan、英アームが手本	
芝浦工業大学  ×   株式会社LiNew　 LiDARで学習効果を予測する技術の共同研究に本格着手	<研究>,<提携>
「霧」のような半透明の65%メカニカルキーボード	
【戦略】「自分の強み×デジタル」で新たな武器を見つけよう	
ココロとカラダをニュートラルに整えサポートするブランド「NEUTRALWORKS.」とフレグランスブランド「Yohaku」がコラボレーションしたコンセプトルームが12月17日（土）...	
メンタル不調で休業・退職した労働者は約1割、今こそ日本企業にウェルビーイング経営が必要 | Techable(テッカブル)	
VWコンパクトSUV「ティグアン」次世代型、プロダクションモデルが初出現	
「人間拡張」で一挙に3技術発表　京セラ、1兆円市場視野に | 電波新聞デジタル	<技術開発>,<商品化>
「どんぶり勘定では潰れる」稲盛和夫のアメーバ経営（毎日新聞）	
JAL次期トップ人事は「大政奉還」濃厚、整備・パイロット畑社長は終焉で事務系復権へ	
マウザー、センサー設計に特化した新しいリソースサイトを発表	<商品化>
シェルパ･アンド･カンパニー	
マークラインズ　電気自動車販売月報　2022年11月	
ファーメンステーションとカンロが未利用資源 再生・循環パートナーシップで新商品	
再エネ業界に激震､バイオマス燃料で｢認証偽装｣	
BMW、次期「M2」をプラグインハイブリッドではなく電気自動車にする可能性を示唆	
新たなフロントデザインへ進化！新型BMW Z4が発売、Amazon Alexaを搭載（WEBヤングマシン）	<技術開発>
テスラの新型SUV｢Model Y｣パフォーマンス試乗レポ…2022年を代表する1台だ（動画アリ）	
捨てられる風力タービンを「グミ」に。米大学が新たな樹脂を発表	<商品化>
実験を止めない！理研のヘリウムリサイクル	
再生繊維、消費者巻き込め	
大気圧低温プラズマが新型コロナの侵入を抑制、予防薬の開発に可能性―中国メディア	<コラム>
木製消毒液スタンドに開発賞 下川フォレストファミリー	
ソルベイが2022年度SPE Automotive Awardを受賞	<表彰>
～環境低負荷な感光性ポリイミドを開発～ | ニュース一覧 | TORAY	
中国ＣＯ２排出、足元減少もなお増大余地　エネ消費は拡大＝調査	<方針>
テラモーターズ、販売代理パートナーとしてAEDを提案する事業者を募集	
機能集約で業務を効率化、スギノマシンが本社を移転へ	
高まるデータ分析の重要性とそれを支えるAWS	
不安のランナー - 化学工業日報	
｢働きやすさ｣の追求が企業を傷つけかねない訳	
ドローン部隊110機　九州電力、空と海にも商機到来	
アップルが社内会議で真剣に｢爆笑｣を狙う深い訳 ｢心理的安全性｣がイノベーションのカギとなる - トピックス｜Infoseekニュース	<コラム>,<説明>
バッテリー鉱物確保など韓国官民が協力策	
焦点：テスラの先進ＥＶ電池、量産化に壁　コスト削減の切り札	
ウシオ，新型紫外線積算光量計の開発に目途	
「動作検知」「プライバシーゾーン」「音声通話」「警告アラーム」など多機能監視カメラ「eufyCam 2C」で使える機能を試してみた	
世界初！乳由来βラクトペプチドのアルツハイマー病予防・改善に繋がる新たな機能を解明 | 2022年 | キリンホールディングス	<技術開発>
RetiSpec社 – 網膜検査をアルツハイマー病診断に用いるAI技術 | 医療とAIのニュース・最新記事 - The Medical AI Times	
バイオジェンのアルツハイマー薬治験結果「心強い」＝ロシュ幹部	
早期症候性アルツハイマー病に対するremternetugのアミロイド減少を指標とした安全性及び有効性の検討	
Maxon One秋のアップデートは、高度なシミュレーション、全体的な改善、ワークフローの最適化をもたらします。：時事ドットコム	<コラム>
CareMaker、訪問看護・介護のスケジュール管理クラウドの大幅アップデート 並びに キャンペーン開始のお知らせ	
三井E&Sと約11億で契約/福島県小名浜港湾の荷役機械建造工 | 建設通信新聞Digital	
賃貸市場エリア別分析～水戸市編～	
凸版印刷、メタバースサービス基盤「MiraVerse」で企業の商品・空間を3D再現（マイナビニュース）	
アイフルホーム三次店にて新モデルハウス「ＦＡＶＯ」オープン	
アステラス製薬　メタバース使った医師向けWebシンポジウムの運用を開始　対象領域や開催頻度拡大へ | ニュース | ミクスOnline	<サービス開始>,<生産活動>
XRディスプレー市場、30年に1.2兆円規模へ｜2022/9/29(2517号)主なヘッドライン by 電子デバイス産業新聞（旧半導体産業新聞）	
クルマに「目」をつけたよ！ 東大が「自動運転車の事故を減らす」実験で嘘のような凄い成果	<業界情報>
AR／MR見える化ソリューションが自動変換可能なファイル形式を拡張	
世界のサプライヤー向けのTaiwantrade.comの防災バーチャルパビリオンとアバター・オンラインミーティング	
CEATECでドコモやパーソル出展　離陸期を迎えたメタバース	
リアルタイム多言語翻訳アプリと仮想通貨決済クレジットカードを開発中　「イノフェス」でフリーメイソンの本多利也氏が明らかに	
住友化学が自動車部材で訴求、「スーパーエンプラ」の実力	
テスラの高級電動トラック「Semi」がやっと納車開始！ ペプシに100台	<サービス開始>
たしかに黒くなったけど……本当にマツダ販売店は高級になったのか!?　元レクサススタッフの本音	
環境への取り組み（2022年度中間決算説明会資料）2022年11月22日当社を取り巻く国際情勢◆ 2	<説明>
リクシル、廃プラ×廃木材の循環型新素材、第一段は舗装材	
【動画】「STEPNの未来はどうなる？」共同創業者Yawn Rong氏にインタビュー	
第132回広州交易会が人生に楽しみを加える娯楽・レクリエーション用具を結集	
Vol.38 空を飛び地上を歩くハイブリッドロボットが活躍する日[Drone Design]	
東京電力グループにおける​DX推進による事業構造変革への挑戦 | JDIR	
高耐熱粘着フィルム Prosave™ GF	
iPadがスマートディスプレイに？ ドック製品が開発中の噂	
FCNTの「エッジAIカメラ」、ソリトンシステムズの映像配信クラウドサービス「Zao Cloud View」の映像配信デバイスとして認定	
企業のＢＣＰを支援するＫＤＤＩ、大規模通信障害の教訓 ニュースイッチ by 日刊工業新聞社	
第 77 回 国連総会ハイレベルセッションにおけるWHOの活動 | 公益社団法人 日本ＷＨＯ協会	
平山 Research Memo（4）：強みは現場改善コンサルティング×ITソリューションのサービス提供並びに人材育成	
【AGV/AMR/自動フォークリフト】Toposens社(ドイツ・ミュンヘン)、量産版3D超音波エコロケーション・センサ：ECHO ONE®をリリース	<サービス開始>
3次元測量アプリで点群データから平面図作成が容易になるアップデート - オプティム	
Kudan、CES 2023に出展するInnovizのブースにて登壇	
TSMCの抵抗変化型メモリー、Infineonが微細化見据え車載マイコンに	
プレスリリース報道関係者各位インサイト・バイオサイエンシズ・ジャパン合同会社、FGFR1 融合遺伝子	
ベオビュ硝子体内注射用キット 120mg/mL 特定使用成績調査（DME，CRTH258B1401)	
世界初のハイブリッドミート・イノベーション・センター、2023年開設予定 | シンガポールニュース（経済）	<設立>
UCバークレー、安価で製造容易な二酸化炭素固定材料を考案	
東北大，硫化スズで高効率太陽電池開発に知見	
欧州委、炭素除去の認証枠組みを導入する規則案を発表(EU)	<商品化>
欧州主要サプライヤーのカーボンニュートラル活動 - 自動車産業ポータル マークラインズ	
CO2回収技術を開発するカナダのSvante社へ脱炭素テックファンドを通じて出資	<支援>,<投資>
CDP「気候変動」「水セキュリティ」で「A-（Aマイナス）」の評価を獲得 | サステナビリティニュース | サステナビリティ	<業界情報>,<表彰>
「精製備蓄」と「流通」を統合、燃料基盤課に エネ庁、22年ぶり大再編、水素やＣＣＳで新課 - 石油通信社のブログ	
JAXAで活躍する「文系職員」--宇宙ビジネスと20年間向かい合ってきた上村俊作氏の原点 【CNET Japan 2022年11月21日】	
世界テック企業のＣＡＳＥカー戦略に関する調査を実施（2022年） | 市場調査とマーケティングの矢野経済研究所	<方針>
MetaのApple Watch対抗製品開発が中止〜ARメガネの開発に注力	
劣化バッテリーのコムスが急坂を余裕で登る、リチウムイオンキャパシタが貢献：電動化（1/2 ページ）	<説明>,<技術開発>
【千田泰弘のエアモビリティ新市場のすべて】Vol.5 エアモビリティ開発に勝機を見出せるか	
総合科学研究機構など、充放電中電池のリチウムイオン運動測定　μＳＲ手法で世界初	
EV販売台数No.1の日産はどのようにして業界をリードしてきたのか | EVオーナーだけのお得な情報も【PR】	
EV電池・バッテリー安定供給に向けた取り組み【2022年1月～10月】	<説明>
東レエンジニアリングが独に販売子会社設立、欧州の車載電池・半導体需要に対応 | 電波新聞デジタル	<設立>,<技術開発>
鉛バッテリーもまだまだ進化する！　ブルーバッテリーcaos、アップデート事情	<技術開発>,<コラム>
国軒高科、タイで電池合弁生産へ - NNA ASIA・中国-安徽・車両	
3070万円ならむしろ安い!!?　マクラーレン初の量産PHEVスーパーカーアルトゥーラ降臨!!!（ベストカーWeb）	
脱炭素社会に向けた新しいサービス展開へ、ZFジャパンと伊藤忠が協働（レスポンス）(ヘッドライン) | 自動車情報サイト【新車・中古車】 - carview!	
トヨタ「ミライ」の燃料電池を採用、豊田織機が新型FCフォークリフト	
ホンダが2024年に新型FCV、プラグからの充電にも対応：電動化	<技術開発>
木製サッシのアイランドプロファイル、引込み窓の防火認定を取得	<政府・認可>
事例で学ぶ、Microsoft 365 活用術(8) 地方の建設会社が直面していた業務上・情報管理の課題を Power Apps によるオーダーメイドのシステム開発で解決! DX へ一歩踏み出す	<コラム>
MUFGがDXで拓く次世代の金融 | JDIR	
「PyTorch Foundation」が設立。Meta、AWS、Google Cloud、Microsoft Azure、AMD、NVIDIAらが理事に	
加工法で変わる「食用コオロギ」の楽しみ方と、普及への道（後編）	
デジタルツイン技術が支える製造業メタバース	
CAを100倍楽しむための社内エンジニア施策まとめ	
Edoverse 大手門エリアの土地NFT  および　刀NFT　販売開始！	
【2022 年 12 月 15 日（木）13︓00～14︓00 開催】リスキリング支援サービス『学びのコーチ』事業責任者の柿内、『doda』主催のオンラインセミナーに登壇	<イベント>
GlobalWafers、米テキサス州に300mmシリコンウェハ製造工場を起工	
米、中国半導体大手に禁輸　週内にも３０社超―報道：時事ドットコム	
岸田首相や甘利議員らがグローバルな半導体連携を強調、Semicon Japan 2022 (1)	
加工時間を約80％削減、三菱電機が金属3Dプリンタで切り開く新たな世界	
「オールPU」で大幅な軽量化、これがBASFが狙うEV用電池パック	<コラム>,<説明>
STとSoitec、SiCウェハ製造技術で協力	
動的に再プログラム可能なメタサーフェス	
～既存のLNGサプライチェーンをカーボンニュートラル化～｜2022年度｜ニュース｜株式会社IHI	<技術開発>
東京工業大学など、「グリーンアンモニア」合成向け希少金属フリー触媒	
アトピー性皮膚炎の炎症を軽減する抗菌ペプチドを確認｜順天堂	
サスメド株式会社 事業計画及び成⻑可能性に関する事項2022年9⽉ SUSMED, Inc All	
起爆剤は「異なる会社」と「異なる地域」買収と相互理解で目指す、世界のルネサス（Forbes JAPAN）	
9月22日（木）開催 フード業界の未来を創造する体験型カンファレンス『FOODCROSS conference 2022』申込開始	<イベント>
【最大50％OFF！】AndTech「プラスチックリサイクルの技術開発とその取り組み、規制・施策動向、将来展望」など他多数の書籍年末大セール第一弾を11月22日より開催	<イベント>
資生堂、化粧品容器の分別回収を不要に	
ハコベルとTBM、「2022年度ロジスティクス大賞 特別賞」を受賞	<表彰>
神奈川県横須賀市、コスモ系から再エネ電力	
大ガスなど５社、太陽光８カ所新設　オフサイトＰＰＡ開始	
飛行機に発電所、水素エコノミーの準備が整いつつある	
〈社説〉ＧＸ実行会議　議論の方向間違っている	
AVATARA（アバターラ）：社員同士の“偶発的なコミュニケーション”を生むバーチャルオフィス | 知財図鑑	
知財を守り、成長するための「3カ条」　犯罪は進化する　エンドレスの覚悟を	<技術開発>
LG CNS が機械学習の実践トレーニングで将来の AI リーダーを育成している方法	
2022年9月13日(第2104号)/野原住環境が設計段階でのルールづくりや効率化に向けて、工務店・ビルダーの体制整備を提案=図面作成ルールはシンプルに	
使い捨てプラスチックを大幅に削減・リユースする「革新的技術・ビジネス推進プロジェクト」公募へ	
みんなのごみ：プラ再生、素材識別が鍵 | 毎日新聞	
フランスが求める修理の可能性表示	
三井化学、廃プラ由来樹脂生産　シンガポールで	
発電・駆動を同時に行うモーターやカニ走りプラットフォーム…シェフラーのCASE技術 | レスポンス（Response.jp）	
2022年10月18日各　位管理会社名  三井住友DSアセットマネジメント株式会社(管理会社コード	
2022年12月28日各　位管理会社名  三井住友DSアセットマネジメント株式会社(管理会社コード	
【光フェア】アダマンド，光干渉式内周面精密測定器をデモ	
自動車整備工場の省エネ化に関する無料相談をスタート	
ロンドン、来年８月から超低排出区域を拡大 英国・自動車・二輪車	<方針>
炭素繊維強化プラスチックを建材に使用する新技術の展開を開始	
BMW 1シリーズのグレード選びのキモは「ディーゼルにするかガソリンにするか」にあり?!（carview!） | 自動車情報サイト【新車・中古車】 - carview!	
【限定品 Aグレーズ ブラックレストア】女性整備士・YouTuber「メカドルゆき」× レーシングドライバー「塚本ナナミ」　10/25、ボッシュカーサービス サーキットミー...	
中国ＥＶ電池大手ＣＡＴＬ、第3四半期は3倍増益　生産拡大が寄与	
ライバル脱落のなか、BMW・Z4がさらなる進化を遂げて日本に上陸（ENGINE WEB）	
高速鉄道「TGV」のデザインも手がけたデザイナーが描いたクーペフォルム（Nosweb.jp）	
ＪＦＥエンジなど5社　グリーン水素供給網構築　北海道で事業化調査　NEDO採択	<設備投資>,<利用・採用>
ウェブ3の世界に広がるワールドカップ | coindesk JAPAN | コインデスク・ジャパン	<業界情報>
playground、独自生体認証技術BioQRを搭載したエンタメDXクラウドMOALAがデジタル庁主催good digital award 2022を受賞	<技術開発>,<表彰>
2022 年 11 月７日各  位会社名  ＴＲＥホールディングス株式会社代表者名  代表取締役社長	
内閣府戦略的イノベーション創造プログラム（SIP）、「スマート物流サービス」の実証実験を利用した『ADT（アイディオット・デジタルツイン）』のα版をリリース	<サービス開始>
11月30日（水）より「DIGITAL TWIN Conference 2022」をオンライン開催（登録参加無料）	<イベント>
国連とISO、脱炭素の国際基準「ネットゼロ・ガイドライン」でウォッシュ排除へ（オルタナ）	
ログ分析で広告非接触者と比較し、広告効果は最大50%のリフトアップ	
【店舗DX】人数カウント、人流や滞留状況などを可視化・分析するサービス「AIカウンター」 をリリース（アビックス株式会社）	<サービス開始>
長崎の新スタジアム、名称が「PEACE STADIUM Connected by SoftBank」に--2024年開業（CNET Japan）	
『経理業務のExcel問題を、kintoneで解決する』というテーマのウェビナーを開催	<セミナー>
「ヒューマンアシスト事業」を本格始動	
自治体のメタバースって何から始めるべき？【自治体メタバース推進室】がゼロからお悩み解決します！	<コラム>
【アステラス製薬】メタバース講演会、本格展開‐パイロット版が好評｜薬事日報ウェブサイト	
渋谷アイデア会議「SOCIAL INNOVATION WEEK SHIBUYA 2022」Conference DAY3 「WOMEN LEADING」プログラム発表	<商品化>
幕張メッセ「第2回XR総合展[秋]」にて、メタバース×ブロックチェーン ソリューションの体験会を実施	<イベント>
KDDIが提案する空間を超えた新しい働き方「アバターガイド」の誕生秘話- good digital award	
インターポールが法執行機関向けメタバース発表	<商品化>
【JR名古屋駅×アート】受賞アート作品をデジタルサイネージで放映！	
11月30日（水）より「DIGITAL TWIN Conference 2022」をオンライン開催（登録で参加費無料）	<イベント>
万博予定地で交通予測モデル活用実証/NTT西日本と中央復建、大林組 | 建設通信新聞Digital	<実験>
【これぞ集客革命！！次世代型LEDサイネージ新発売のお知らせ】【NEOTOKYO】｜食品卸、問屋の業績、人事、企業合併など、最新情報｜ニュース｜フーズチャネル	
VRヘッドセットが震える？ アップルが触覚フィードバックを搭載する特許取得（PHILE WEB）	<技術開発>,<政府・認可>
注目銘柄ダイジェスト（前場）:ベクトル、エーザイ、エフ・コードなど |  財経新聞	
｢1日3杯のみそ汁で乳がんリスクは4割下がる｣医師が教える乳がんにならないための食習慣 - 記事詳細｜Infoseekニュース	
ソニーが目指す次世代エンタメ、狙うは“においのスピーカー”	<コラム>,<説明>
【トップ直撃】クルマはすべて「プレステ」になる	
ワイヤレスが実現するバッテリ・マネジメントの革新	
東京／アルミ地金／ＬＭＥ軟調、６０００円安 | 日刊鉄鋼新聞 Japan Metal Daily	
エンプラ特集　上野製薬　高機能グレードの提案に注力　低融点ＬＣＰを複合化したテクノス上市	<技術開発>
トヨタ センチュリー のSUVが出るんだって?!　和製ロールスロイス カリナン の登場は近い | レスポンス（Response.jp）	
3年で導入校数が666倍　リスキリングもできる驚異のAI学習アプリ	
ニッサンインテリジェントファクトリー実現への道、その成功のポイント	
【ただいま開催中！】第13回 高機能素材Week - 初日（12/7）の会場の様子を公開中！	
チューリング社、千葉県で法人向けに自動運転車の試乗会を開始	<イベント>,<生産活動>,<設立>
ソーシャルロボ、来年3月に配膳ロボット投入　LiDAR・3Dカメラ・SLAMで店内移動“自在”に	
岐阜県美濃市の保育園留学、はじめます。うだつの上がる和紙のまちを、子育て家族が集まる地域へ	
再生医療や細胞医薬品研究の新会社　シスメックスとＪＣＲ、折半出資でポーアイに本社	
京セラ、ROE低迷　打開は「稲盛経営」の進化カギ	
FOURIN, Inc. - 電動車部品サプライチェーンと競合状況　シリーズ第1弾　駆動モーター	
2022年12月2日 電機・電子部品・情報・通信 | 日刊工業新聞 電子版	
2022年12月8日 電機・電子部品・情報・通信２ | 日刊工業新聞 電子版	
パタゴニア創業者全株寄付　４４００億円、環境保護に	
ヤマトHD／TCFD提言に賛同、コーポレートサイトで情報開示	<情報公開>
しずてつストアの新しい小型店舗『ＫＩＴＥ-ＧＯ』10月13日（木）音羽町店（静岡市葵区）グランドオープン	
ローカル5Gを活用した洋上風車O&M効率化産官学技術開発実施へ【秋田ケーブルテレビ／秋田県／関西電力／東京大学ほか】総務省事業に採択	<利用・採用>
アークエッジ・スペース、彗星探査ミッション「Comet Interceptor」における超小型探査機の開発メーカーに選定	
EMSと認知機能に関する研究成果が『European Journal of Applied Physiology』に掲載	
村田製作所、Autotalksのチップセット搭載のV2Xモジュール量産開始へ	<生産活動>
革新の保全技術を相次ぎ導入/ケーブルカム操作講習開始/NEXCO中日本/ドローン点検も試行	
京都財界、「大手地銀8800億円の含み益」に見る鉄の結束と「ポスト稲盛不在」の前途多難	
トヨタ・新型プリウスは、ハンマーヘッドをモチーフとしたフロントマスク、横一文字のリヤコンビランプが先進感を醸し出す	
まるでタイカンSUV！「ポルシェ マカンEV」市販型はこうなる	
生命の起源を解く重要なヒントとなる「海底熱水-液体/超臨界CO2仮説」の提唱＜プレスリリース＜海洋研究開発機構 | JAMSTEC	
ワークマン、巧みなマーケティング戦略で広告宣伝費率は驚異の0.8％。高機能×低価格が可能にした｢非常識経営｣	
「車載ディスプレイの最新トレンドと将来」と題して、株式会社テクノ・システム・リサーチ アシスタントディレクター 桜井 幸広氏のセミナーを2022年12月19日（月）に開...	
Apple、Lightning充電ケース付きAirPods（第3世代）をリリース	<サービス開始>
今週の展示会スケジュール（10/24～10/30）	
京セラ、夜間走行時のセンシングに大きな効果をもたらす「車載ナイトビジョンシステム」を技術発表（GetNavi web）	<技術開発>
最新「iPad Pro」レビュー--「Apple Pencil」ヘビーユーザーにのみお勧め 【CNET Japan 2022年11月04日】	
車内置き去り防止に企業が最新技術　村田製作所など	
エアバッグにスカウター!　バイク用ヘルメットの新時代が始まったーッ！（ベストカーWeb）	
CEATEC 2022：自動車HMI技術 - 自動車産業ポータル マークラインズ	
NEDO、モビリティ電動化と蓄電池開発の課題検討に関する調査公募予告	
ホンダ、全方位安全運転支援「ホンダセンシング360」発表…ハンズオフにも対応へ | レスポンス（Response.jp）	<技術開発>
ReVision コネクテッドカー＆UXサミット2022：日立製作所、トヨタ紡織の講演より - 自動車産業ポータル マークラインズ	<セミナー>
メタバースの課題--危ぶまれるセキュリティとプライバシー	<コラム>
【データ】「企業の1on1と職場の心理的安全性」に関する実態調査	
モノのデザイン(159) 巨匠がデザインした機能美、モップ乾燥まで自動化したロボット掃除機「DEEBOT X1 OMNI」	
中央電力，透明太陽電池PJに寄付	
窪田製薬ホールディングス　3QはKubota Glassのソフトローンチとしての販売により事業収益を計上 |  財経新聞	
公営住宅に対面キッチン　愛知県、PFIでデザイン柔軟に	
MetaLifeの累計ユーザー数が30,000人突破！【メタバース×リモートワーク】	
速報：【EU】【欧州の主なニュース】12月９日	
まるで眼の付いた指先、ワークの滑りを見つめる	
「アメーバ経営」から「ティール組織」そして「DAO」へ、成功する組織の共通点は“自己組織化”	<技術開発>
稲盛和夫氏（京セラ創業者・名誉会長）のお別れの会、しめやかに	
長野県松本市の《名建築》を後世に！「マツモト建築芸術祭」 300万円を目標にクラウドファンディング開始	
アピリッツ、日本大学 理工学部校友会情報部会主催「令和4年度IT関連業界連続セミナー」に登壇。企業選びやキャリア形成のヒントをIT系企業から学生に伝える	
京セラみらいエンビジョン、福岡営業所 移転のご案内	
京都で初の「ドローンライトショー」開催	<イベント>
外航船子会社に運航管理システム導入、日本郵船	
企業のセキュリティ対策や業務効率化に役立つコンテンツを発信するIT情報メディア「メタクラBLOG」を開設！	
ビジネスプロセスマネジメント（BPM）は“属人化の塊”のような会社にこそ必要	
基幹系との連携を一元化　APIや非同期の活用に工夫	<技術開発>
DXのゴールは“実装”--ITとデジタルを部門統合した三井物産の組織運営（前編）	
グーグルも注力、クラウドシフトを起点にITの「内製化」は進むか	
日揮HDと富士通が語る「ビジネスプランニング」Anaplanの使い所	<コラム>
クレディセゾン、「CSDX戦略」推進により内製開発や不正対策などの各分野で成果	<業界情報>
カヤバ株式会社の事例を発表：GitLab導入事例	<説明>
NTT，メタレンズでハイパースペクトル画像を取得	<政府・認可>
【Terraform】tfstateファイルの操作方法	
Elasticが3大クラウドへの最適化を加速、強みは「検索・セキュリティ・可観測性」 - 週刊BCN+	
《耳よりワイズ》22年10月4日のワイズニュース一覧／台湾	
半導体工場で求められるセキュリティ対策、重要なのはサプライチェーンとしての考え方	
ホットストック：機械株が堅調、Ｊマテリアル4％高　堅調な設備投資計画を好感	
ＥＶ電池の品質保証サービス事業化に向けた実証を開始 ～中古ＥＶの価値適正化により、ＥＶ市場拡大と電池循環市場形成に貢献～	<実験>,<説明>,<技術開発>
迫るＣＦＲＰ廃棄時代、航空業界で盛り上がる「ｒＣＦ」の可能性 ニュースイッチ by 日刊工業新聞社	<コラム>
BYD、欧州進出でテスラを追う	
オカムラグループの温室効果ガス排出削減目標が国際的なイニシアチブによるSBT認定を取得	<政府・認可>
米国株式市場はまちまち、パウエルFRB議長の発言待ち（29日）	
【ニュースレター】DX推進の3ステップ。まずは「契約管理業務」から他業務へ展開：紀伊民報AGARA	
パナソニックＨＤが７％高、今期の利益予想を下方修正したが米国でのＥＶ用電池の新工場に期待強い	
日系乗用車メーカーの2022年上期の生産、回復が軌道に：自動車メーカー生産動向（1/3 ページ）	
開閉、温湿度、モーションセンサーで遠隔監視ができるセンサーキット「ATOM Sensor V2」	
エヌ・ティー・エス「やわらかものづくりハンドブック～先端ソフトマターのプロセスイノベーションとその実践～」出版・販売開始のご案内	
小型で組み込み可能なToFカメラモジュール、日本ケミコン（EE Times Japan）	
トヨタとGoogle、クラウド接続なしでも高度な音声サービス	
ガス欠ならぬ電欠から救う､次世代EV充電器の今	
トヨタ RAV4 欧州仕様車に「GR SPORT」、専用チューンの足回り	
“日本初”カーラッピングセンター開設への思い…YMG1山家社長が語る	<コラム>
ボーイング、2四半期ぶり最終赤字　次期大統領専用機で費用増＝22年7-9月期	
速報：【EU】【欧州の主なニュース】10月20日	
総合技研「2022年版　次世代自動車における技術革新と部品の変化」出版・販売のご案内	<技術開発>
メルセデスEVミニバン「EQV」が狙い撃つのは電動ワーゲンバス！改良型はここが変わる	
オムロン、国内最小最軽量のＥＶ用充放電システム	
樹脂のバイオシフト　トヨタ工場が脱炭素時期を前倒し	
早稲田独自方式のダイヤモンド半導体デバイス研究開発スタートアップ、Power Diamond Systems社に早稲田大学ベンチャーズ（WUV）が1億円の創業投資を実行	
CPDS認定対象、国内外の産業用ドローンが一挙大集結！産業UAVデモフライト講習会＜ SkyLink Drone Days ＞大阪で開催	<イベント>
IT補助金活用セミナーReport	
五輪会場からため池まで、水上で競う太陽光発電	
先端半導体の量産化で日本の復権を – 金属産業新聞｜キンサンデジタル	
